user_id,age,gender,occupation,zip_code,rating_count,average_rating,rating_std,first_rating_time,last_rating_time,active_span_days,age_group,activity_group,is_cold_start_user,is_low_activity_user,is_high_activity_user
1,24,M,technician,85711,272,3.6103,1.2636,1997-09-22 21:57:58,1998-03-13 01:15:36,171,18-24岁,高活跃,0,0,1
2,53,F,other,94043,62,3.7097,1.0305,1998-02-27 03:26:00,1998-03-04 02:57:20,4,45-54岁,中活跃,0,0,0
3,23,M,writer,32067,54,2.7963,1.219,1998-03-07 02:15:39,1998-03-07 02:24:42,0,18-24岁,中活跃,0,0,0
4,24,M,technician,43537,24,4.3333,0.9168,1998-04-08 02:09:34,1998-04-08 03:02:00,0,18-24岁,低活跃,0,1,0
5,33,F,other,15213,175,2.8743,1.363,1997-09-30 15:57:44,1997-11-10 21:54:58,41,25-34岁,高活跃,0,0,1
6,42,M,executive,98101,211,3.6351,1.0395,1997-12-28 00:16:10,1998-01-02 05:01:44,5,35-44岁,高活跃,0,0,1
7,57,M,administrator,91344,403,3.9653,1.0645,1998-03-31 13:13:11,1998-04-11 22:20:06,11,55岁及以上,高活跃,0,0,1
8,36,M,administrator,05201,59,3.7966,1.2426,1997-11-12 19:04:42,1997-11-12 19:20:23,0,35-44岁,中活跃,0,0,0
9,29,M,student,01002,22,4.2727,0.9351,1998-02-08 17:25:15,1998-02-08 17:47:36,0,25-34岁,低活跃,0,1,0
10,53,M,lawyer,90703,184,4.2065,0.5828,1997-10-26 17:16:02,1997-11-24 11:35:12,28,45-54岁,高活跃,0,0,1
11,39,F,other,30329,181,3.4641,0.934,1998-04-06 22:26:46,1998-04-06 23:48:30,0,35-44岁,高活跃,0,0,1
12,28,F,other,06405,51,4.3922,0.7766,1997-11-19 16:57:19,1997-11-19 17:33:46,0,25-34岁,中活跃,0,0,0
13,47,M,educator,29206,636,3.0975,1.4164,1997-12-07 17:11:23,1998-04-18 03:36:29,131,45-54岁,高活跃,0,0,1
14,45,M,scientist,55106,98,4.0918,1.0363,1997-10-16 01:16:10,1998-04-10 21:06:43,176,45-54岁,中活跃,0,0,0
15,49,F,educator,97301,104,2.875,1.3416,1997-11-13 21:04:09,1997-11-13 21:28:27,0,45-54岁,中活跃,0,0,0
16,21,M,entertainment,10309,140,4.3286,1.0419,1997-10-24 18:16:33,1997-10-24 21:26:57,0,18-24岁,高活跃,0,0,1
17,30,M,programmer,06355,28,3.0357,1.138,1998-01-18 23:20:19,1998-01-20 05:06:19,1,25-34岁,低活跃,0,1,0
18,35,F,other,37212,277,3.8809,0.8493,1997-11-21 16:21:45,1997-11-21 17:15:01,0,35-44岁,高活跃,0,0,1
19,40,M,librarian,02138,20,3.55,0.8256,1998-01-21 19:37:45,1998-01-21 20:00:40,0,35-44岁,低活跃,0,1,0
20,42,F,homemaker,95660,48,3.1042,1.153,1997-11-16 08:06:24,1997-11-16 08:47:19,0,35-44岁,中活跃,0,0,0
21,26,M,writer,30068,179,2.6704,1.3272,1997-09-22 17:54:49,1997-09-22 18:11:56,0,25-34岁,高活跃,0,0,1
22,25,M,writer,40206,128,3.3516,1.4932,1997-11-07 07:04:21,1997-11-07 07:37:31,0,25-34岁,高活跃,0,0,1
23,30,F,artist,48197,151,3.6358,0.9556,1997-09-20 19:37:46,1998-03-19 03:09:00,179,25-34岁,高活跃,0,0,1
24,21,F,artist,94533,68,4.3235,0.8185,1997-09-26 03:53:05,1997-09-27 01:31:55,0,18-24岁,中活跃,0,0,0
25,39,M,engineer,55107,78,4.0513,0.6221,1998-01-26 21:59:13,1998-01-26 22:23:35,0,35-44岁,中活跃,0,0,0
26,49,M,engineer,21044,107,2.9439,0.856,1998-03-31 12:30:00,1998-03-31 23:19:29,0,45-54岁,中活跃,0,0,0
27,40,F,librarian,30030,25,3.24,0.8794,1998-04-02 18:48:17,1998-04-02 18:56:33,0,35-44岁,低活跃,0,1,0
28,32,M,writer,55369,79,3.7215,0.9599,1997-12-12 19:28:35,1997-12-22 21:36:33,10,25-34岁,中活跃,0,0,0
29,41,M,programmer,94043,34,3.6471,0.8836,1997-12-22 19:57:43,1997-12-22 20:19:49,0,35-44岁,低活跃,0,1,0
30,7,M,student,55436,43,3.7674,0.9961,1997-09-23 23:44:40,1998-01-27 23:00:02,125,18岁以下,中活跃,0,0,0
31,24,M,artist,10003,36,3.9167,0.9673,1997-12-08 02:21:59,1997-12-08 02:28:31,0,18-24岁,低活跃,0,1,0
32,28,F,student,78741,41,3.3171,0.9066,1998-01-02 02:56:37,1998-01-02 05:17:30,0,25-34岁,低活跃,0,1,0
33,23,M,student,27510,24,3.7083,0.55,1998-04-07 15:34:50,1998-04-07 15:53:24,0,18-24岁,低活跃,0,1,0
34,38,F,administrator,42141,20,4.05,1.3945,1998-02-27 17:47:08,1998-02-27 18:12:03,0,35-44岁,低活跃,0,1,0
35,20,F,homemaker,42459,25,3.0,0.9574,1997-09-28 15:02:21,1997-09-28 15:07:17,0,18-24岁,低活跃,0,1,0
36,19,F,student,93117,20,3.8,1.2814,1997-12-15 03:40:27,1997-12-15 03:46:21,0,18-24岁,低活跃,0,1,0
37,23,M,student,55105,57,3.6491,0.9909,1997-11-30 18:40:58,1997-11-30 22:47:52,0,18-24岁,中活跃,0,0,0
38,28,F,other,54467,121,3.719,1.598,1998-04-13 00:43:08,1998-04-13 02:33:21,0,25-34岁,高活跃,0,0,1
39,41,M,entertainment,01040,22,3.7727,0.9223,1998-04-01 03:08:14,1998-04-01 03:18:24,0,35-44岁,低活跃,0,1,0
40,38,M,scientist,27514,35,2.8857,0.9632,1998-03-04 19:54:43,1998-03-04 20:06:21,0,35-44岁,低活跃,0,1,0
41,33,M,engineer,80525,52,3.7692,0.8072,1998-03-23 20:37:29,1998-03-23 22:41:00,0,25-34岁,中活跃,0,0,0
42,30,M,administrator,17870,183,3.7268,1.0648,1997-12-02 23:28:16,1997-12-03 00:59:23,0,25-34岁,高活跃,0,0,1
43,29,F,librarian,20854,221,3.7104,1.0168,1997-10-04 14:23:48,1998-04-12 03:04:57,189,25-34岁,高活跃,0,0,1
44,26,M,technician,46260,151,3.649,1.0013,1997-10-31 23:33:44,1998-01-01 00:09:32,61,25-34岁,高活跃,0,0,1
45,29,M,programmer,50233,48,3.6042,0.9165,1997-12-01 17:17:09,1997-12-01 22:40:56,0,25-34岁,中活跃,0,0,0
46,27,F,marketing,46538,27,4.1111,0.9337,1997-12-31 23:34:34,1998-01-01 00:58:04,0,25-34岁,低活跃,0,1,0
47,53,M,marketing,07102,25,3.64,0.9074,1997-11-13 16:36:24,1997-11-13 17:00:29,0,45-54岁,低活跃,0,1,0
48,45,M,administrator,12550,66,3.7879,1.0454,1997-11-13 15:14:54,1997-11-13 15:29:14,0,45-54岁,中活跃,0,0,0
49,23,F,student,76111,215,2.6837,1.254,1998-02-21 12:50:32,1998-02-21 14:01:00,0,18-24岁,高活跃,0,0,1
50,21,M,writer,52245,24,3.5417,1.3825,1997-10-17 01:27:36,1997-10-17 01:49:18,0,18-24岁,低活跃,0,1,0
51,28,M,educator,16509,23,3.5652,1.1995,1997-12-30 16:17:03,1997-12-30 16:22:17,0,25-34岁,低活跃,0,1,0
52,18,F,student,55105,56,4.2679,0.7259,1997-12-24 00:07:18,1997-12-24 00:23:51,0,18-24岁,中活跃,0,0,0
53,26,M,programmer,55414,28,3.8214,0.9049,1997-11-13 17:33:04,1997-11-13 17:48:49,0,25-34岁,低活跃,0,1,0
54,22,M,executive,66315,65,3.6923,1.1446,1997-11-30 22:21:59,1998-04-15 23:01:40,136,18-24岁,中活跃,0,0,0
55,37,M,programmer,01331,21,3.2857,1.488,1997-10-30 01:46:45,1997-10-30 01:53:18,0,35-44岁,低活跃,0,1,0
56,25,M,librarian,46260,187,3.6417,0.9361,1998-04-15 21:32:15,1998-04-22 15:12:21,6,25-34岁,高活跃,0,0,1
57,16,M,none,84010,106,3.5,1.0259,1998-01-01 23:12:27,1998-01-01 23:50:46,0,18岁以下,中活跃,0,0,0
58,27,M,programmer,52246,154,3.8377,1.2339,1998-01-09 00:04:27,1998-04-19 23:14:21,100,25-34岁,高活跃,0,0,1
59,49,M,educator,08403,382,3.9346,1.0616,1998-02-23 02:55:32,1998-02-23 04:06:49,0,45-54岁,高活跃,0,0,1
60,50,M,healthcare,06472,208,4.0865,0.6311,1997-12-28 16:10:21,1998-03-07 16:07:20,68,45-54岁,高活跃,0,0,1
61,36,M,engineer,30040,21,2.9524,1.244,1998-03-29 21:15:25,1998-04-11 21:47:17,13,35-44岁,低活跃,0,1,0
62,27,F,administrator,97214,232,3.3017,1.1144,1997-11-12 21:58:29,1997-11-12 23:18:47,0,25-34岁,高活跃,0,0,1
63,31,M,marketing,75240,93,3.1183,0.9874,1997-10-01 23:00:09,1997-10-01 23:25:26,0,25-34岁,中活跃,0,0,0
64,32,M,educator,43202,200,3.585,0.9989,1997-11-12 20:08:33,1998-03-12 22:14:40,120,25-34岁,高活跃,0,0,1
65,51,F,educator,48118,80,3.9375,0.8908,1997-11-11 02:42:11,1997-11-11 03:20:49,0,45-54岁,中活跃,0,0,0
66,23,M,student,80521,38,3.4737,1.0329,1997-12-31 20:44:49,1997-12-31 21:04:28,0,18-24岁,低活跃,0,1,0
67,17,M,student,60402,30,3.7667,0.8976,1997-09-27 16:53:31,1997-09-27 17:03:14,0,18岁以下,低活跃,0,1,0
68,19,M,student,22904,34,3.0294,1.6046,1997-10-16 03:48:12,1997-10-16 04:05:55,0,18-24岁,低活跃,0,1,0
69,24,M,engineer,55337,65,3.8462,1.0641,1997-12-13 15:31:49,1997-12-15 00:26:26,1,18-24岁,中活跃,0,0,0
70,27,M,engineer,60067,131,3.4656,0.8162,1998-01-06 05:11:09,1998-01-07 05:52:59,1,25-34岁,高活跃,0,0,1
71,39,M,scientist,98034,38,3.7895,1.0438,1997-10-20 03:44:40,1998-01-17 06:03:10,89,35-44岁,低活跃,0,1,0
72,48,F,administrator,73034,137,3.8175,1.0517,1997-11-20 14:19:48,1997-11-20 14:58:01,0,45-54岁,高活跃,0,0,1
73,24,M,student,41850,66,3.7273,1.1575,1998-02-28 00:16:16,1998-03-01 23:03:08,1,18-24岁,中活跃,0,0,0
74,39,M,scientist,T8H1N,39,3.641,0.7066,1998-02-24 15:13:14,1998-02-24 15:19:02,0,35-44岁,低活跃,0,1,0
75,24,M,entertainment,08816,79,3.2785,1.3581,1998-01-06 01:22:38,1998-01-06 01:59:08,0,18-24岁,中活跃,0,0,0
76,20,M,student,02215,82,3.561,1.1232,1997-09-23 15:06:46,1997-12-20 08:45:36,87,18-24岁,中活跃,0,0,0
77,30,M,technician,29379,72,3.6111,1.2051,1998-01-13 22:57:58,1998-01-14 04:48:12,0,25-34岁,中活跃,0,0,0
78,26,M,administrator,61801,21,3.381,1.2836,1997-11-15 22:37:47,1997-11-15 22:51:04,0,25-34岁,低活跃,0,1,0
79,39,F,administrator,03755,55,4.0,1.0364,1998-03-30 15:18:06,1998-03-30 15:33:36,0,35-44岁,中活跃,0,0,0
80,34,F,administrator,52241,29,3.7586,1.0231,1997-12-31 21:50:09,1998-02-13 20:29:23,43,25-34岁,低活跃,0,1,0
81,21,M,student,21218,58,3.2931,1.1083,1997-10-11 01:27:09,1997-10-11 17:55:46,0,18-24岁,中活跃,0,0,0
82,50,M,programmer,22902,168,3.0714,1.1866,1997-10-08 11:43:24,1998-01-13 18:05:26,97,45-54岁,高活跃,0,0,1
83,40,M,other,44133,155,3.4194,1.1216,1997-11-23 17:37:28,1998-03-29 14:42:12,125,35-44岁,高活跃,0,0,1
84,32,M,executive,55369,68,3.8529,0.7967,1997-12-30 02:34:31,1997-12-30 03:49:57,0,25-34岁,中活跃,0,0,0
85,51,M,educator,20003,288,3.5382,0.8127,1997-11-13 20:17:39,1998-04-20 22:07:41,158,45-54岁,高活跃,0,0,1
86,26,M,administrator,46005,23,3.5217,1.1627,1997-11-15 04:51:26,1997-11-15 05:16:14,0,25-34岁,低活跃,0,1,0
87,47,M,administrator,89503,211,3.7915,0.9279,1997-11-18 17:50:18,1997-11-18 18:32:31,0,45-54岁,高活跃,0,0,1
88,49,F,librarian,11701,21,3.9524,1.1609,1998-03-27 22:18:31,1998-03-27 22:35:03,0,45-54岁,低活跃,0,1,0
89,43,F,administrator,68106,76,4.0395,1.1482,1997-11-13 17:10:49,1997-11-13 22:47:26,0,35-44岁,中活跃,0,0,0
90,60,M,educator,78155,300,4.2233,0.9254,1998-03-31 22:08:41,1998-03-31 23:11:39,0,55岁及以上,高活跃,0,0,1
91,55,M,marketing,01913,98,3.8878,1.0343,1998-04-01 13:39:38,1998-04-01 14:06:00,0,55岁及以上,中活跃,0,0,0
92,32,M,entertainment,80525,388,3.2448,0.9748,1997-09-30 17:14:02,1998-04-15 15:56:31,196,25-34岁,高活跃,0,0,1
93,48,M,executive,23112,20,3.35,1.2258,1998-02-28 22:30:53,1998-02-28 22:47:17,0,45-54岁,低活跃,0,1,0
94,26,M,student,71457,400,3.6575,1.0163,1998-01-27 02:59:53,1998-04-07 05:58:23,70,25-34岁,高活跃,0,0,1
95,31,M,administrator,10707,278,3.4173,1.1266,1997-11-10 19:53:10,1998-03-03 20:28:48,113,25-34岁,高活跃,0,0,1
96,25,F,artist,75206,56,4.2679,0.9437,1998-01-10 03:26:31,1998-01-10 03:46:57,0,25-34岁,中活跃,0,0,0
97,43,M,artist,98006,63,4.1587,1.1388,1998-01-08 05:50:52,1998-01-08 06:09:51,0,35-44岁,中活跃,0,0,0
98,49,F,executive,90291,27,3.5926,1.3085,1997-11-25 22:55:19,1997-11-25 23:05:11,0,45-54岁,低活跃,0,1,0
99,20,M,student,63129,136,3.5515,1.0942,1998-01-24 21:44:07,1998-02-26 05:03:39,32,18-24岁,高活跃,0,0,1
100,36,M,executive,90254,59,3.0678,1.0482,1998-03-31 20:02:08,1998-03-31 20:20:30,0,35-44岁,中活跃,0,0,0
101,15,M,student,05146,67,2.8955,0.8727,1997-10-18 00:47:57,1997-10-18 01:10:15,0,18岁以下,中活跃,0,0,0
102,38,M,programmer,30220,216,2.6157,0.7443,1997-10-03 13:45:37,1998-04-19 13:54:35,198,35-44岁,高活跃,0,0,1
103,26,M,student,55108,29,3.6207,0.9416,1997-11-24 23:56:06,1997-11-25 01:58:38,0,25-34岁,低活跃,0,1,0
104,27,M,student,55108,111,2.6667,1.1547,1998-02-25 21:24:37,1998-02-26 04:08:06,0,25-34岁,中活跃,0,0,0
105,24,M,engineer,94043,23,3.3913,1.0762,1998-03-06 19:56:33,1998-03-06 20:02:04,0,18-24岁,低活跃,0,1,0
106,61,M,retired,55125,64,3.7656,0.7069,1997-12-06 23:04:46,1998-02-28 22:47:55,83,55岁及以上,中活跃,0,0,0
107,39,M,scientist,60466,22,3.0,1.2724,1998-03-30 13:24:26,1998-03-30 13:30:59,0,35-44岁,低活跃,0,1,0
108,44,M,educator,63130,33,3.5758,0.9692,1997-11-18 19:01:02,1997-11-18 19:09:50,0,35-44岁,低活跃,0,1,0
109,29,M,other,55423,234,3.4402,1.1378,1997-11-26 16:48:28,1997-11-26 22:35:53,0,25-34岁,高活跃,0,0,1
110,19,M,student,77840,133,3.0451,0.8604,1998-02-09 01:19:05,1998-02-09 02:00:13,0,18-24岁,高活跃,0,0,1
111,57,M,engineer,90630,24,3.5417,0.9315,1998-04-04 08:48:12,1998-04-04 08:57:23,0,55岁及以上,低活跃,0,1,0
112,30,M,salesman,60613,46,3.6957,1.0723,1998-01-16 23:14:04,1998-04-13 04:02:52,86,25-34岁,中活跃,0,0,0
113,47,M,executive,95032,51,3.7255,1.115,1997-09-24 04:38:07,1997-10-04 03:40:24,9,45-54岁,中活跃,0,0,0
114,27,M,programmer,75013,48,3.6042,0.9165,1997-12-04 17:21:30,1997-12-05 08:15:18,0,25-34岁,中活跃,0,0,0
115,31,M,engineer,17110,92,3.9348,1.1749,1997-12-03 17:19:19,1997-12-03 18:05:03,0,25-34岁,中活跃,0,0,0
116,40,M,healthcare,97232,143,3.007,0.9822,1997-10-10 02:51:51,1998-04-15 23:44:18,187,35-44岁,高活跃,0,0,1
117,20,M,student,16125,86,3.9186,1.0314,1997-11-21 14:57:34,1998-01-28 21:16:27,68,18-24岁,中活跃,0,0,0
118,21,M,administrator,90210,71,4.662,0.7549,1997-09-27 18:20:44,1997-09-27 18:37:22,0,18-24岁,中活跃,0,0,0
119,32,M,programmer,67401,181,3.9503,1.0126,1997-09-20 16:51:26,1998-04-14 14:46:07,205,25-34岁,高活跃,0,0,1
120,47,F,other,06260,26,3.5769,0.9868,1998-03-10 00:29:32,1998-03-10 00:49:39,0,45-54岁,低活跃,0,1,0
121,54,M,librarian,99603,74,3.6081,1.3326,1998-03-31 23:43:30,1998-04-01 00:31:28,0,45-54岁,中活跃,0,0,0
122,32,F,writer,22206,61,3.9836,0.9745,1997-11-11 17:39:23,1997-11-11 17:55:23,0,25-34岁,中活跃,0,0,0
123,48,F,artist,20008,54,3.8519,1.1059,1997-11-17 23:24:13,1997-11-18 17:26:28,0,45-54岁,中活跃,0,0,0
124,34,M,student,60615,24,3.5,1.0215,1998-03-19 05:55:33,1998-03-20 13:18:22,1,25-34岁,低活跃,0,1,0
125,30,M,lawyer,22202,182,3.4396,1.2978,1997-11-13 20:46:42,1998-04-17 18:57:37,154,25-34岁,高活跃,0,0,1
126,28,F,lawyer,20015,45,3.5333,1.1794,1998-02-19 01:57:49,1998-02-20 01:33:12,0,25-34岁,中活跃,0,0,0
127,33,M,none,73439,23,4.1304,1.5167,1998-01-09 16:36:43,1998-01-09 16:55:50,0,25-34岁,低活跃,0,1,0
128,24,F,marketing,20009,184,3.663,1.0166,1997-11-19 19:04:34,1997-11-19 19:56:30,0,18-24岁,高活跃,0,0,1
129,36,F,marketing,07039,30,2.6,1.1626,1997-12-27 17:32:14,1997-12-27 17:57:32,0,35-44岁,低活跃,0,1,0
130,20,M,none,60115,353,3.9858,0.9813,1997-09-22 18:33:59,1998-03-03 22:05:54,162,18-24岁,高活跃,0,0,1
131,59,F,administrator,15237,30,4.1333,1.0417,1998-01-01 19:01:02,1998-01-01 19:08:43,0,55岁及以上,低活跃,0,1,0
132,24,M,other,94612,22,3.7727,0.6853,1998-03-30 17:24:40,1998-03-30 17:29:56,0,18-24岁,低活跃,0,1,0
133,53,M,engineer,78602,26,3.1923,1.0961,1998-03-22 17:42:04,1998-03-22 17:53:08,0,45-54岁,低活跃,0,1,0
134,31,M,programmer,80236,25,3.64,1.0755,1998-04-04 23:22:02,1998-04-04 23:32:36,0,25-34岁,低活跃,0,1,0
135,23,M,student,38401,55,3.3818,0.7815,1997-11-18 12:52:55,1997-11-18 13:00:03,0,18-24岁,中活跃,0,0,0
136,51,M,other,97365,35,4.3429,0.7253,1997-12-21 08:33:54,1997-12-23 03:48:45,1,45-54岁,低活跃,0,1,0
137,50,M,educator,84408,47,4.3191,1.1054,1997-12-06 18:21:22,1997-12-22 16:46:50,15,45-54岁,中活跃,0,0,0
138,46,M,doctor,53211,51,4.2745,0.6657,1997-11-08 20:58:50,1997-11-08 21:26:22,0,45-54岁,中活跃,0,0,0
139,20,M,student,08904,24,4.0,0.8341,1997-11-14 20:04:04,1997-11-14 20:16:18,0,18-24岁,低活跃,0,1,0
140,30,F,student,32250,21,3.4286,0.8106,1997-11-08 18:26:57,1997-11-08 18:30:32,0,25-34岁,低活跃,0,1,0
141,49,M,programmer,36117,107,3.4299,1.3396,1998-01-12 05:50:47,1998-02-14 02:54:50,32,45-54岁,中活跃,0,0,0
142,13,M,other,48118,33,3.6364,1.1942,1998-02-28 04:23:35,1998-02-28 04:34:49,0,18岁以下,低活跃,0,1,0
143,42,M,technician,08832,20,3.9,1.0208,1998-02-25 11:52:22,1998-02-25 11:55:41,0,35-44岁,低活跃,0,1,0
144,53,M,programmer,20910,206,3.6748,0.9505,1998-02-21 23:22:50,1998-02-22 00:12:02,0,45-54岁,高活跃,0,0,1
145,31,M,entertainment,V3N4P,316,3.3354,1.3074,1997-09-26 10:29:15,1998-04-02 09:40:40,187,25-34岁,高活跃,0,0,1
146,45,M,artist,83814,29,3.6207,1.2075,1998-04-01 19:04:53,1998-04-01 19:16:33,0,45-54岁,低活跃,0,1,0
147,40,F,librarian,02143,20,4.2,0.8335,1998-01-23 22:16:52,1998-01-23 22:23:24,0,35-44岁,低活跃,0,1,0
148,33,M,engineer,97006,65,4.0,1.2748,1997-10-16 15:17:46,1997-10-21 02:15:54,4,25-34岁,中活跃,0,0,0
149,35,F,marketing,17325,36,2.8889,1.1155,1997-12-30 20:09:17,1997-12-30 20:16:08,0,35-44岁,低活跃,0,1,0
150,20,F,artist,02139,32,3.8438,1.0195,1997-11-05 16:09:34,1997-11-05 16:28:42,0,18-24岁,低活跃,0,1,0
151,38,F,administrator,48103,307,3.9967,1.04,1997-11-14 16:10:38,1997-12-10 16:26:00,26,35-44岁,高活跃,0,0,1
152,33,F,educator,68767,106,4.3208,0.9909,1997-09-29 19:44:28,1998-03-19 15:46:25,170,25-34岁,中活跃,0,0,0
153,25,M,student,60641,23,2.9565,1.4917,1997-12-06 01:14:19,1997-12-06 01:22:16,0,25-34岁,低活跃,0,1,0
154,25,M,student,53703,51,3.9608,0.8935,1997-11-10 05:03:55,1997-11-10 05:18:16,0,25-34岁,中活跃,0,0,0
155,32,F,other,11217,22,2.6364,0.8477,1997-11-12 21:41:00,1997-11-12 21:47:41,0,25-34岁,低活跃,0,1,0
156,25,M,educator,08360,37,3.7297,0.8045,1998-02-22 22:12:41,1998-02-22 22:21:33,0,25-34岁,低活跃,0,1,0
157,57,M,engineer,70808,51,3.7843,1.238,1997-09-21 03:41:08,1998-02-07 22:40:43,139,55岁及以上,中活跃,0,0,0
158,50,M,educator,27606,173,3.8035,1.0038,1997-11-21 17:09:53,1997-11-21 17:59:20,0,45-54岁,高活跃,0,0,1
159,23,F,student,55346,107,3.4299,1.3396,1997-11-25 19:13:53,1998-04-22 14:42:19,147,18-24岁,中活跃,0,0,0
160,27,M,programmer,66215,120,3.9167,1.0091,1997-10-13 18:23:43,1997-10-28 22:35:15,15,25-34岁,高活跃,0,0,1
161,50,M,lawyer,55104,58,2.5517,1.1266,1998-03-29 11:12:45,1998-03-29 11:53:41,0,45-54岁,中活跃,0,0,0
162,25,M,artist,15610,42,3.5952,0.7345,1997-10-23 19:29:15,1997-10-23 20:01:00,0,25-34岁,中活跃,0,0,0
163,49,M,administrator,97212,23,3.3043,0.8757,1998-03-30 01:00:43,1998-03-30 01:10:26,0,45-54岁,低活跃,0,1,0
164,47,M,healthcare,80123,63,4.127,0.9587,1998-03-08 23:53:13,1998-03-09 00:15:47,0,45-54岁,中活跃,0,0,0
165,20,F,other,53715,30,4.0,0.871,1997-11-14 16:41:12,1997-11-14 16:47:26,0,18-24岁,低活跃,0,1,0
166,47,M,educator,55113,20,3.55,1.4318,1998-02-02 05:31:18,1998-02-02 05:38:25,0,45-54岁,低活跃,0,1,0
167,37,M,other,L9G2B,69,3.3768,1.4562,1998-04-16 14:45:36,1998-04-16 14:54:13,0,35-44岁,中活跃,0,0,0
168,48,M,other,80127,69,3.3333,1.4003,1998-01-08 19:14:22,1998-01-08 19:38:49,0,45-54岁,中活跃,0,0,0
169,52,F,other,53705,37,3.973,0.9856,1998-03-30 14:34:51,1998-03-31 15:50:18,1,45-54岁,低活跃,0,1,0
170,53,F,healthcare,30067,22,3.7727,0.9223,1998-01-06 16:22:12,1998-02-16 16:22:50,41,45-54岁,低活跃,0,1,0
171,48,F,educator,78750,28,3.4643,0.7445,1998-03-27 21:36:46,1998-03-27 21:41:29,0,45-54岁,低活跃,0,1,0
172,55,M,marketing,22207,27,3.1852,0.8787,1997-09-29 12:34:58,1997-09-29 13:14:24,0,55岁及以上,低活跃,0,1,0
173,56,M,other,22306,43,4.2093,0.8326,1997-10-22 21:43:45,1997-10-22 21:56:09,0,55岁及以上,中活跃,0,0,0
174,30,F,administrator,52302,177,3.5819,1.5759,1998-02-02 15:19:09,1998-04-02 21:16:18,59,25-34岁,高活跃,0,0,1
175,26,F,scientist,21911,38,3.7368,1.1315,1997-10-17 16:52:18,1997-10-17 17:09:06,0,25-34岁,低活跃,0,1,0
176,28,M,scientist,07030,63,3.6984,1.0416,1998-01-29 04:09:39,1998-01-29 04:33:11,0,25-34岁,中活跃,0,0,0
177,20,M,programmer,19104,115,3.6174,0.9875,1997-11-21 16:39:39,1997-12-14 23:55:36,23,18-24岁,高活跃,0,0,1
178,26,M,other,49512,273,3.6813,0.9457,1997-12-22 20:41:41,1998-04-10 20:25:28,108,25-34岁,高活跃,0,0,1
179,15,M,entertainment,20755,42,3.0476,1.5919,1998-04-09 19:44:24,1998-04-09 19:52:45,0,18岁以下,中活跃,0,0,0
180,22,F,administrator,60202,63,3.9365,1.306,1997-10-17 21:58:13,1997-10-22 18:20:44,4,18-24岁,中活跃,0,0,0
181,26,M,executive,21218,435,1.492,0.8461,1997-11-08 03:52:53,1997-11-08 04:30:41,0,25-34岁,高活跃,0,0,1
182,36,M,programmer,33884,28,3.8571,0.9315,1997-10-09 22:17:14,1998-01-24 03:41:34,106,35-44岁,低活跃,0,1,0
183,33,M,scientist,27708,53,3.1887,1.0011,1998-04-01 20:33:31,1998-04-11 19:37:33,9,25-34岁,中活跃,0,0,0
184,37,M,librarian,76013,251,3.6614,0.8348,1998-03-14 20:21:22,1998-03-14 22:14:47,0,35-44岁,高活跃,0,0,1
185,53,F,librarian,97403,48,4.0417,0.7133,1997-12-30 23:17:56,1997-12-30 23:58:08,0,45-54岁,中活跃,0,0,0
186,39,F,executive,00000,92,3.413,1.2239,1997-11-08 21:00:58,1998-04-04 19:57:39,146,35-44岁,中活跃,0,0,0
187,26,M,educator,16801,56,4.0714,0.9117,1997-11-13 23:46:23,1997-11-14 00:07:42,0,25-34岁,中活跃,0,0,0
188,42,M,student,29440,112,3.7679,0.9771,1997-09-24 03:19:55,1997-09-24 04:30:32,0,35-44岁,高活跃,0,0,1
189,32,M,artist,95014,187,3.9786,1.0724,1998-04-22 16:52:40,1998-04-22 20:41:42,0,25-34岁,高活跃,0,0,1
190,30,M,administrator,95938,59,3.322,0.9903,1998-03-27 21:12:33,1998-04-03 17:54:00,6,25-34岁,中活跃,0,0,0
191,33,M,administrator,95161,27,3.6296,0.7917,1998-04-02 23:37:33,1998-04-03 00:13:37,0,25-34岁,低活跃,0,1,0
192,42,M,educator,90840,35,3.5143,1.0947,1997-12-06 00:00:36,1997-12-06 00:41:31,0,35-44岁,低活跃,0,1,0
193,29,M,student,49931,121,3.1653,1.1132,1998-03-05 18:35:06,1998-03-25 21:13:48,20,25-34岁,高活跃,0,0,1
194,38,M,administrator,02154,305,2.9639,1.0237,1997-11-14 15:11:45,1997-11-15 00:56:50,0,35-44岁,高活跃,0,0,1
195,42,M,scientist,93555,96,3.2917,1.0251,1997-09-21 06:45:13,1998-04-12 06:32:16,202,35-44岁,中活跃,0,0,0
196,49,M,writer,55105,39,3.6154,1.0161,1997-12-04 15:55:49,1997-12-04 16:18:25,0,45-54岁,低活跃,0,1,0
197,55,M,technician,75094,118,3.339,1.228,1998-04-01 05:37:50,1998-04-01 05:56:10,0,55岁及以上,高活跃,0,0,1
198,21,F,student,55414,181,3.2762,0.9724,1998-01-07 20:20:27,1998-01-07 21:46:09,0,18-24岁,高活跃,0,0,1
199,30,M,writer,17604,40,2.95,1.5681,1998-01-02 23:06:43,1998-01-02 23:17:22,0,25-34岁,低活跃,0,1,0
200,40,M,programmer,93402,216,4.0324,0.8593,1997-10-05 08:54:04,1998-04-06 01:20:27,182,35-44岁,高活跃,0,0,1
201,27,M,writer,E2A4H,386,3.0311,1.0539,1998-01-06 18:16:38,1998-01-28 18:55:00,22,25-34岁,高活跃,0,0,1
202,41,F,educator,60201,20,2.8,1.2814,1997-11-17 00:25:42,1997-11-17 00:41:34,0,35-44岁,低活跃,0,1,0
203,25,F,student,32301,43,3.4186,1.0518,1997-11-25 04:49:28,1997-11-25 05:15:40,0,25-34岁,中活跃,0,0,0
204,52,F,librarian,10960,42,3.4524,1.3471,1998-04-12 13:47:37,1998-04-14 00:33:30,1,45-54岁,中活跃,0,0,0
205,47,M,lawyer,06371,22,2.8636,1.0372,1998-02-24 01:37:25,1998-02-24 01:45:58,0,45-54岁,低活跃,0,1,0
206,14,F,student,53115,64,2.1719,1.4644,1998-02-22 20:32:45,1998-02-22 20:43:47,0,18岁以下,中活跃,0,0,0
207,39,M,marketing,92037,230,3.2304,0.8274,1997-09-29 03:29:46,1998-04-05 06:51:58,188,35-44岁,高活跃,0,0,1
208,43,M,engineer,01720,33,3.7879,1.0234,1997-12-26 03:48:25,1997-12-26 04:01:35,0,35-44岁,低活跃,0,1,0
209,33,F,educator,85710,33,3.1818,1.2363,1997-12-29 17:44:18,1997-12-31 17:33:46,1,25-34岁,低活跃,0,1,0
210,39,M,engineer,03060,132,4.0606,0.8173,1998-02-17 15:41:06,1998-03-27 22:05:31,38,35-44岁,高活跃,0,0,1
211,66,M,salesman,32605,37,3.1892,1.1264,1997-11-13 16:06:24,1997-11-13 22:51:38,0,55岁及以上,低活跃,0,1,0
212,49,F,educator,61401,25,3.92,1.2884,1997-11-12 02:57:48,1997-11-12 03:07:31,0,45-54岁,低活跃,0,1,0
213,33,M,executive,55345,126,4.2302,0.8687,1997-11-07 02:37:06,1997-11-08 02:32:18,0,25-34岁,高活跃,0,0,1
214,26,F,librarian,11231,128,3.8984,0.8309,1998-04-02 18:40:45,1998-04-15 19:24:09,13,25-34岁,高活跃,0,0,1
215,35,M,programmer,63033,93,3.7742,0.8862,1998-04-01 12:42:43,1998-04-01 13:18:50,0,35-44岁,中活跃,0,0,0
216,22,M,engineer,02215,131,3.8015,1.0032,1997-11-22 21:02:27,1998-01-05 06:31:17,43,18-24岁,高活跃,0,0,1
217,22,M,other,11727,76,2.9605,1.3802,1998-03-05 03:45:36,1998-03-05 03:58:27,0,18-24岁,中活跃,0,0,0
218,37,M,administrator,06513,53,3.6038,0.8166,1997-10-22 02:38:51,1997-12-05 02:23:40,43,35-44岁,中活跃,0,0,0
219,32,M,programmer,43212,28,3.7143,1.5836,1998-03-08 19:50:35,1998-04-08 12:46:51,30,25-34岁,低活跃,0,1,0
220,30,M,librarian,78205,22,3.7727,0.9223,1997-12-04 01:06:37,1997-12-04 01:29:26,0,25-34岁,低活跃,0,1,0
221,19,M,student,20685,146,3.6164,0.8964,1997-09-26 03:19:28,1998-01-17 23:55:39,113,18-24岁,高活跃,0,0,1
222,29,M,programmer,27502,387,3.0491,1.1916,1997-10-22 23:25:48,1998-01-03 08:34:01,72,25-34岁,高活跃,0,0,1
223,19,F,student,47906,105,3.0286,1.2969,1998-04-02 20:22:42,1998-04-02 21:02:32,0,18-24岁,中活跃,0,0,0
224,31,F,educator,43512,141,2.9929,1.0987,1998-02-21 17:24:03,1998-02-21 23:43:09,0,25-34岁,高活跃,0,0,1
225,51,F,administrator,58202,27,4.5185,0.849,1997-11-14 20:23:47,1997-11-14 20:52:58,0,45-54岁,低活跃,0,1,0
226,28,M,student,92103,50,3.8,0.9258,1998-01-04 04:36:40,1998-01-04 05:08:11,0,25-34岁,中活跃,0,0,0
227,46,M,executive,60659,58,3.4483,1.0625,1997-11-09 00:24:32,1997-12-07 18:14:21,28,45-54岁,中活跃,0,0,0
228,21,F,student,22003,21,3.1429,1.4928,1998-03-08 19:59:32,1998-03-08 20:24:22,0,18-24岁,低活跃,0,1,0
229,29,F,librarian,22903,30,2.7333,1.4606,1998-04-03 19:32:28,1998-04-03 19:50:29,0,25-34岁,低活跃,0,1,0
230,28,F,student,14476,133,3.8496,1.1382,1997-11-25 18:58:06,1997-11-25 19:24:16,0,25-34岁,高活跃,0,0,1
231,48,M,librarian,01080,21,3.6667,0.9129,1997-11-19 18:52:45,1998-02-27 18:47:54,99,45-54岁,低活跃,0,1,0
232,45,M,scientist,99709,93,3.9032,0.8976,1997-11-20 21:44:19,1998-04-03 00:58:48,133,45-54岁,中活跃,0,0,0
233,38,M,engineer,98682,110,4.3455,0.7949,1997-09-29 04:41:20,1998-04-07 03:47:22,189,35-44岁,中活跃,0,0,0
234,60,M,retired,94702,480,3.1229,0.9204,1998-03-27 21:14:21,1998-04-17 15:29:07,20,55岁及以上,高活跃,0,0,1
235,37,M,educator,22973,94,3.9787,0.8293,1998-03-11 22:13:39,1998-03-11 22:42:48,0,35-44岁,中活跃,0,0,0
236,44,F,writer,53214,124,3.4758,1.1719,1998-03-17 06:22:57,1998-03-17 07:10:32,0,35-44岁,高活跃,0,0,1
237,49,M,administrator,63146,48,4.1458,0.6838,1997-11-12 23:10:20,1997-11-12 23:19:33,0,45-54岁,中活跃,0,0,0
238,42,F,administrator,44124,29,3.2759,0.8408,1997-12-31 13:41:23,1997-12-31 13:59:59,0,35-44岁,低活跃,0,1,0
239,39,M,artist,95628,159,4.2138,1.2547,1998-03-06 10:01:52,1998-03-06 10:47:28,0,35-44岁,高活跃,0,0,1
240,23,F,educator,20784,24,3.75,1.327,1998-01-26 00:45:36,1998-01-26 00:52:39,0,18-24岁,低活跃,0,1,0
241,26,F,student,20001,23,3.4348,1.0369,1998-02-12 02:11:22,1998-02-12 02:21:25,0,25-34岁,低活跃,0,1,0
242,33,M,educator,31404,20,4.45,0.7592,1997-11-17 04:14:42,1997-11-17 04:35:40,0,25-34岁,低活跃,0,1,0
243,33,M,educator,60201,81,3.642,0.8263,1997-11-20 00:48:28,1997-11-20 01:26:57,0,25-34岁,中活跃,0,0,0
244,28,M,technician,80525,238,3.6513,1.0714,1997-11-27 03:38:24,1997-11-27 05:39:53,0,25-34岁,高活跃,0,0,1
245,22,M,student,55109,22,3.2727,1.1205,1998-02-26 17:10:26,1998-02-26 17:24:20,0,18-24岁,低活跃,0,1,0
246,19,M,student,28734,195,2.9282,1.3219,1998-01-16 03:19:30,1998-01-16 04:33:38,0,18-24岁,高活跃,0,0,1
247,28,M,engineer,20770,26,3.9231,0.891,1998-04-20 14:09:41,1998-04-20 18:30:24,0,25-34岁,低活跃,0,1,0
248,25,M,student,37235,56,3.5714,1.1887,1998-01-11 15:59:39,1998-01-11 16:30:06,0,25-34岁,中活跃,0,0,0
249,25,M,student,84103,161,4.1056,0.8632,1997-11-15 05:23:58,1997-11-16 00:48:42,0,25-34岁,高活跃,0,0,1
250,29,M,executive,95110,122,3.7869,1.062,1997-10-29 01:36:09,1997-12-27 22:57:19,59,25-34岁,高活跃,0,0,1
251,28,M,doctor,85032,77,3.7922,0.9225,1998-01-31 18:31:12,1998-01-31 18:50:15,0,25-34岁,中活跃,0,0,0
252,42,M,engineer,07733,21,4.4286,0.6761,1998-04-01 16:37:44,1998-04-01 19:04:50,0,35-44岁,低活跃,0,1,0
253,26,F,librarian,22903,97,3.9794,0.9572,1998-04-03 18:21:04,1998-04-03 18:41:24,0,25-34岁,中活跃,0,0,0
254,44,M,educator,42647,159,3.0503,1.0361,1998-02-03 01:47:45,1998-02-13 05:30:34,10,35-44岁,高活跃,0,0,1
255,23,M,entertainment,07029,83,2.5422,1.3187,1997-12-27 09:35:58,1997-12-27 10:04:32,0,18-24岁,中活跃,0,0,0
256,35,F,none,39042,207,3.9903,0.945,1997-12-15 01:40:53,1997-12-15 05:55:28,0,35-44岁,高活跃,0,0,1
257,17,M,student,77005,57,4.0351,0.963,1997-11-08 22:51:56,1998-02-09 23:22:36,93,18岁以下,中活跃,0,0,0
258,19,F,student,77801,23,3.7391,1.3888,1998-01-25 03:59:38,1998-01-25 04:04:59,0,18-24岁,低活跃,0,1,0
259,21,M,student,48823,46,3.8696,0.7777,1997-09-20 03:05:10,1998-03-01 02:57:30,161,18-24岁,中活跃,0,0,0
260,40,F,artist,89801,24,4.0417,1.1221,1998-03-23 01:56:38,1998-03-23 02:08:18,0,35-44岁,低活跃,0,1,0
261,28,M,administrator,85202,27,4.1111,0.8916,1998-03-21 04:20:45,1998-03-21 04:55:42,0,25-34岁,低活跃,0,1,0
262,19,F,student,78264,160,3.1688,0.8259,1997-11-17 18:15:36,1997-11-19 18:02:50,1,18-24岁,高活跃,0,0,1
263,41,M,programmer,55346,123,4.0488,0.9988,1998-03-30 22:27:22,1998-03-30 23:21:43,0,35-44岁,高活跃,0,0,1
264,36,F,writer,90064,120,4.2167,1.0057,1998-01-30 00:50:56,1998-01-30 01:40:17,0,35-44岁,高活跃,0,0,1
265,26,M,executive,84601,46,3.5652,1.1285,1997-09-27 00:27:04,1997-09-27 00:38:34,0,25-34岁,中活跃,0,0,0
266,62,F,administrator,78756,23,3.2609,1.0962,1998-04-11 01:04:22,1998-04-11 01:27:18,0,55岁及以上,低活跃,0,1,0
267,23,M,engineer,83716,185,3.9351,0.8884,1997-11-08 06:21:54,1997-11-08 07:39:43,0,18-24岁,高活跃,0,0,1
268,24,M,engineer,19422,328,2.9421,1.0975,1997-09-26 20:41:17,1997-10-10 21:22:37,14,18-24岁,高活跃,0,0,1
269,31,F,librarian,43201,323,3.0093,1.4065,1998-04-01 15:49:17,1998-04-14 15:29:27,12,25-34岁,高活跃,0,0,1
270,18,F,student,63119,138,4.3333,0.9914,1997-10-15 22:15:44,1997-10-15 23:01:04,0,18-24岁,高活跃,0,0,1
271,51,M,engineer,22932,278,3.5827,1.0047,1998-01-26 19:53:50,1998-01-29 20:36:49,3,45-54岁,高活跃,0,0,1
272,33,M,scientist,53706,51,4.3333,0.8869,1997-11-13 20:57:43,1997-11-13 21:07:34,0,25-34岁,中活跃,0,0,0
273,50,F,other,10016,22,3.6364,0.7267,1998-03-30 21:19:21,1998-03-30 21:28:24,0,45-54岁,低活跃,0,1,0
274,20,F,student,55414,71,4.0563,0.984,1997-11-07 23:12:59,1997-11-07 23:51:17,0,18-24岁,中活跃,0,0,0
275,38,M,engineer,92064,95,3.1158,0.599,1997-09-25 02:18:18,1997-11-23 20:03:16,59,35-44岁,中活跃,0,0,0
276,21,M,student,95064,518,3.4653,1.0171,1997-09-20 20:12:17,1998-04-13 03:00:18,204,18-24岁,高活跃,0,0,1
277,35,F,administrator,55406,54,3.5,0.8412,1997-11-14 21:35:36,1997-11-14 21:50:01,0,35-44岁,中活跃,0,0,0
278,37,F,librarian,30033,23,4.2609,0.9154,1998-03-30 21:55:32,1998-03-30 22:02:40,0,35-44岁,低活跃,0,1,0
279,33,M,programmer,85251,434,3.2673,1.1995,1997-09-26 04:45:02,1998-04-18 02:11:32,203,25-34岁,高活跃,0,0,1
280,30,F,librarian,22903,258,3.5775,0.9999,1998-04-04 14:23:59,1998-04-04 15:09:04,0,25-34岁,高活跃,0,0,1
281,15,F,student,06059,26,3.1923,1.2335,1997-12-04 01:51:04,1997-12-04 01:59:49,0,18岁以下,低活跃,0,1,0
282,22,M,administrator,20057,22,3.5,1.0118,1997-11-19 14:22:27,1997-12-09 21:30:44,20,18-24岁,低活跃,0,1,0
283,28,M,programmer,55305,53,4.1321,0.8329,1997-11-12 01:10:13,1997-11-12 01:32:13,0,25-34岁,中活跃,0,0,0
284,40,M,executive,92629,47,3.5532,0.8024,1998-01-20 20:38:47,1998-01-20 20:58:22,0,35-44岁,中活跃,0,0,0
285,25,M,programmer,53713,32,3.9375,0.84,1998-03-22 19:35:13,1998-03-22 19:45:00,0,25-34岁,低活跃,0,1,0
286,27,M,student,15217,288,3.7118,1.1553,1997-10-02 15:37:52,1998-03-11 21:51:47,160,25-34岁,高活跃,0,0,1
287,21,M,salesman,31211,62,4.1129,1.026,1997-09-27 04:17:53,1998-02-22 19:56:42,148,18-24岁,中活跃,0,0,0
288,34,M,marketing,23226,75,3.88,1.2076,1998-02-01 22:29:15,1998-03-06 23:07:13,33,25-34岁,中活跃,0,0,0
289,11,M,none,94619,27,2.9259,1.0715,1997-10-14 00:33:00,1997-10-14 00:58:54,0,18岁以下,低活跃,0,1,0
290,40,M,engineer,93550,150,3.3533,0.9133,1997-11-25 15:55:46,1997-11-28 16:03:30,3,35-44岁,高活跃,0,0,1
291,19,M,student,44106,296,3.6858,1.0313,1997-09-21 01:30:53,1997-09-24 08:03:11,3,18-24岁,高活跃,0,0,1
292,35,F,programmer,94703,124,4.2258,0.8049,1997-10-22 22:53:53,1997-12-02 23:36:18,41,35-44岁,高活跃,0,0,1
293,24,M,writer,60804,388,3.0309,1.0438,1998-03-03 05:46:44,1998-03-03 06:55:17,0,18-24岁,高活跃,0,0,1
294,34,M,technician,92110,150,3.4667,0.953,1997-10-25 22:27:37,1998-04-01 04:20:17,157,25-34岁,高活跃,0,0,1
295,31,M,educator,50325,196,4.2398,0.7901,1997-11-14 14:16:01,1997-11-19 19:08:18,5,25-34岁,高活跃,0,0,1
296,43,F,administrator,16803,147,4.1769,1.1861,1998-01-07 18:00:57,1998-01-07 19:00:25,0,35-44岁,高活跃,0,0,1
297,29,F,educator,98103,192,3.4375,1.0665,1997-09-22 18:44:52,1998-02-28 05:22:56,158,25-34岁,高活跃,0,0,1
298,44,M,executive,01581,127,4.0315,0.8159,1998-01-06 22:15:29,1998-01-07 14:41:38,0,35-44岁,高活跃,0,0,1
299,29,M,doctor,63108,280,3.4643,0.9072,1997-10-23 14:55:24,1998-04-10 23:15:02,169,25-34岁,高活跃,0,0,1
300,26,F,programmer,55106,20,3.75,1.0195,1997-09-30 20:06:35,1997-09-30 20:12:09,0,25-34岁,低活跃,0,1,0
301,24,M,student,55439,275,3.5273,0.9714,1997-12-14 04:37:16,1997-12-14 06:05:42,0,18-24岁,高活跃,0,0,1
302,42,M,educator,77904,21,2.4286,0.8701,1997-11-13 15:58:59,1997-11-13 16:03:55,0,35-44岁,低活跃,0,1,0
303,19,M,student,14853,484,3.3657,1.2313,1997-11-14 00:06:26,1997-11-15 00:01:05,0,18-24岁,高活跃,0,0,1
304,22,F,student,71701,26,3.3846,1.0612,1998-01-16 16:04:56,1998-01-16 16:33:35,0,18-24岁,低活跃,0,1,0
305,23,M,programmer,94086,222,3.4099,1.0798,1998-02-01 04:37:08,1998-02-01 09:33:47,0,18-24岁,高活跃,0,0,1
306,45,M,other,73132,32,3.7812,1.0075,1997-10-10 17:16:32,1997-10-10 17:31:19,0,45-54岁,低活跃,0,1,0
307,25,M,student,55454,112,3.7946,1.0323,1997-09-30 18:49:00,1998-02-21 21:17:04,144,25-34岁,高活跃,0,0,1
308,60,M,retired,95076,397,3.7582,0.7667,1998-02-17 17:26:48,1998-02-17 19:07:34,0,55岁及以上,高活跃,0,0,1
309,40,M,scientist,70802,20,3.5,1.0513,1997-10-20 17:58:08,1997-10-20 18:00:19,0,35-44岁,低活跃,0,1,0
310,37,M,educator,91711,21,3.8571,1.4243,1997-11-13 15:40:06,1997-11-13 15:58:32,0,35-44岁,低活跃,0,1,0
311,32,M,technician,73071,294,3.7959,0.87,1998-01-09 16:35:06,1998-01-16 15:09:25,6,25-34岁,高活跃,0,0,1
312,48,M,other,02110,223,4.3812,0.9168,1998-04-04 13:55:30,1998-04-04 17:55:35,0,45-54岁,高活跃,0,0,1
313,41,M,marketing,60035,262,3.5954,0.9964,1998-03-27 15:34:12,1998-03-27 20:53:48,0,35-44岁,高活跃,0,0,1
314,20,F,student,08043,245,3.6776,1.1479,1997-10-26 17:10:36,1997-10-26 19:02:46,0,18-24岁,高活跃,0,0,1
315,31,M,educator,18301,87,4.0115,0.9338,1997-11-17 20:41:41,1997-12-01 23:03:39,14,25-34岁,中活跃,0,0,0
316,43,F,other,77009,75,3.36,1.4392,1997-11-30 01:23:58,1997-11-30 01:48:59,0,35-44岁,中活跃,0,0,0
317,22,M,administrator,13210,22,3.5455,0.8579,1998-04-01 15:56:30,1998-04-01 16:08:07,0,18-24岁,低活跃,0,1,0
318,65,M,retired,06518,174,3.7069,1.0314,1998-01-10 22:06:10,1998-01-11 06:06:27,0,55岁及以上,高活跃,0,0,1
319,38,M,programmer,22030,23,3.4783,0.7903,1997-10-01 12:08:10,1998-03-13 19:12:12,163,35-44岁,低活跃,0,1,0
320,19,M,student,24060,154,3.7208,0.844,1998-01-14 03:23:49,1998-01-14 04:26:32,0,18-24岁,高活跃,0,0,1
321,49,F,educator,55413,125,3.736,0.7421,1997-11-13 16:30:07,1997-11-13 17:15:36,0,45-54岁,高活跃,0,0,1
322,20,M,student,50613,51,4.1765,0.8416,1998-02-12 20:00:11,1998-02-12 20:13:38,0,18-24岁,中活跃,0,0,0
323,21,M,student,19149,89,3.618,0.9595,1997-11-05 14:07:06,1997-11-05 14:26:57,0,18-24岁,中活跃,0,0,0
324,21,F,student,02176,66,4.3485,0.8132,1997-11-26 20:06:06,1997-11-26 20:21:55,0,18-24岁,中活跃,0,0,0
325,48,M,technician,02139,142,3.4085,1.1182,1998-04-02 00:37:53,1998-04-02 01:22:55,0,45-54岁,高活跃,0,0,1
326,41,M,administrator,15235,187,3.3262,1.2117,1997-11-18 17:40:25,1997-11-18 18:24:30,0,35-44岁,高活跃,0,0,1
327,22,M,student,11101,284,3.3134,0.9192,1998-02-17 17:42:08,1998-02-23 16:32:01,5,18-24岁,高活跃,0,0,1
328,51,M,administrator,06779,283,3.4311,0.9059,1998-01-17 13:39:40,1998-04-21 21:57:59,94,45-54岁,高活跃,0,0,1
329,48,M,educator,01720,65,3.4,0.8254,1998-04-04 01:59:51,1998-04-04 02:24:00,0,45-54岁,中活跃,0,0,0
330,35,F,educator,33884,147,4.4966,0.7344,1997-10-11 04:22:48,1997-10-11 05:32:05,0,35-44岁,高活跃,0,0,1
331,33,M,entertainment,91344,70,3.6429,1.0637,1997-10-18 17:34:49,1997-10-18 17:47:00,0,25-34岁,中活跃,0,0,0
332,20,M,student,40504,183,4.153,0.913,1998-02-19 19:22:05,1998-04-19 23:08:32,59,18-24岁,高活跃,0,0,1
333,47,M,other,V0R2M,26,3.8462,0.9672,1998-03-28 00:14:55,1998-03-28 00:41:06,0,45-54岁,低活跃,0,1,0
334,32,M,librarian,30002,333,3.5195,0.9103,1998-04-02 19:07:29,1998-04-20 12:17:52,17,25-34岁,高活跃,0,0,1
335,45,M,executive,33775,22,3.5455,1.2239,1998-04-03 01:26:48,1998-04-03 01:34:11,0,45-54岁,低活跃,0,1,0
336,23,M,salesman,42101,130,2.9615,1.2844,1997-10-25 04:42:16,1997-10-25 06:23:23,0,18-24岁,高活跃,0,0,1
337,37,M,scientist,10522,34,3.9412,1.1266,1997-09-25 10:44:40,1997-09-28 06:48:12,2,35-44岁,低活跃,0,1,0
338,39,F,librarian,59717,75,4.0,0.9444,1997-11-13 16:12:02,1997-11-13 16:32:42,0,35-44岁,中活跃,0,0,0
339,35,M,lawyer,37901,254,4.0039,0.9175,1998-03-27 20:50:00,1998-03-27 22:18:39,0,35-44岁,高活跃,0,0,1
340,46,M,engineer,80123,44,4.1591,1.1801,1998-01-16 22:31:53,1998-01-16 23:03:37,0,45-54岁,中活跃,0,0,0
341,17,F,student,44405,21,3.8095,1.1233,1998-03-24 16:40:59,1998-03-24 16:49:29,0,18岁以下,低活跃,0,1,0
342,25,F,other,98006,201,3.4378,1.2874,1997-09-23 03:06:42,1997-09-27 00:37:24,3,25-34岁,高活跃,0,0,1
343,43,M,engineer,30093,237,3.9873,1.0911,1997-10-09 13:06:30,1997-10-09 14:42:19,0,35-44岁,高活跃,0,0,1
344,30,F,librarian,94117,190,3.6684,1.0238,1998-01-14 21:26:23,1998-03-13 18:43:42,57,25-34岁,高活跃,0,0,1
345,28,F,librarian,94143,232,3.6466,0.9188,1998-01-15 21:40:26,1998-01-16 23:51:22,1,25-34岁,高活跃,0,0,1
346,34,M,other,76059,193,3.2902,1.1496,1997-09-22 16:56:20,1998-01-31 19:17:35,131,25-34岁,高活跃,0,0,1
347,18,M,student,90210,199,3.5729,1.3156,1997-12-09 07:20:54,1997-12-09 08:08:00,0,18-24岁,高活跃,0,0,1
348,24,F,student,45660,58,3.8966,0.6931,1998-02-03 16:14:55,1998-02-03 16:38:33,0,18-24岁,中活跃,0,0,0
349,68,M,retired,61455,41,3.1951,1.1004,1997-11-13 23:55:26,1997-11-14 00:15:41,0,55岁及以上,低活跃,0,1,0
350,32,M,student,97301,50,4.32,0.8192,1997-12-17 07:55:37,1997-12-17 08:37:12,0,25-34岁,中活跃,0,0,0
351,61,M,educator,49938,44,4.1591,0.9387,1997-11-14 04:23:06,1997-12-29 00:54:43,44,55岁及以上,中活跃,0,0,0
352,37,F,programmer,55105,42,3.7381,1.1906,1998-01-08 20:00:19,1998-01-08 20:16:14,0,35-44岁,中活跃,0,0,0
353,25,M,scientist,28480,25,3.36,1.3503,1998-04-01 03:39:02,1998-04-01 03:52:37,0,25-34岁,低活跃,0,1,0
354,29,F,librarian,48197,233,3.7425,0.8674,1998-03-29 14:06:39,1998-03-31 01:20:06,1,25-34岁,高活跃,0,0,1
355,25,M,student,60135,26,4.0769,0.4836,1997-11-14 05:30:23,1997-11-14 05:48:49,0,25-34岁,低活跃,0,1,0
356,32,F,homemaker,92688,24,3.5833,1.1389,1998-04-01 04:40:19,1998-04-01 04:55:00,0,25-34岁,低活跃,0,1,0
357,26,M,executive,98133,76,4.1316,0.8995,1997-11-08 01:02:03,1997-11-08 01:25:42,0,25-34岁,中活跃,0,0,0
358,40,M,educator,10022,43,3.6977,1.2058,1998-03-30 14:44:37,1998-04-16 12:54:14,16,35-44岁,中活跃,0,0,0
359,22,M,student,61801,27,3.9259,0.7808,1998-02-02 20:59:21,1998-02-02 21:04:50,0,18-24岁,低活跃,0,1,0
360,51,M,other,98027,102,3.9608,0.8551,1997-11-24 06:38:45,1997-11-24 07:24:00,0,45-54岁,中活跃,0,0,0
361,22,M,student,44074,121,3.7769,0.9617,1997-11-13 16:58:06,1997-11-13 17:23:25,0,18-24岁,高活跃,0,0,1
362,35,F,homemaker,85233,25,3.36,1.5242,1998-01-17 06:41:00,1998-01-17 06:49:06,0,35-44岁,低活跃,0,1,0
363,20,M,student,87501,311,3.0547,1.2802,1998-04-02 05:06:11,1998-04-02 07:02:07,0,18-24岁,高活跃,0,0,1
364,63,M,engineer,01810,20,3.45,1.099,1997-10-04 02:15:09,1997-10-04 02:19:45,0,55岁及以上,低活跃,0,1,0
365,29,M,lawyer,20009,58,3.3793,1.1821,1998-03-31 00:15:57,1998-03-31 00:31:41,0,25-34岁,中活跃,0,0,0
366,20,F,student,50670,33,4.3939,1.088,1998-03-02 16:53:18,1998-03-02 17:01:18,0,18-24岁,低活跃,0,1,0
367,17,M,student,37411,58,4.1552,0.7446,1997-10-12 20:49:24,1997-10-12 21:02:00,0,18岁以下,中活跃,0,0,0
368,18,M,student,92113,45,3.2889,1.1,1998-03-13 10:00:51,1998-03-13 10:07:58,0,18-24岁,中活跃,0,0,0
369,24,M,student,91335,22,4.0,1.0235,1998-03-09 07:18:10,1998-03-09 07:30:42,0,18-24岁,低活跃,0,1,0
370,52,M,writer,08534,75,3.6933,0.944,1997-11-13 15:16:22,1997-11-13 15:37:42,0,45-54岁,中活跃,0,0,0
371,36,M,engineer,99206,51,4.098,0.9435,1997-10-22 02:22:33,1997-11-25 05:28:53,34,35-44岁,中活跃,0,0,0
372,25,F,student,66046,66,4.303,0.701,1997-10-14 22:43:14,1997-10-14 22:59:37,0,25-34岁,中活跃,0,0,0
373,24,F,other,55116,233,3.7339,0.9503,1997-10-17 14:20:41,1997-10-17 18:15:16,0,18-24岁,高活跃,0,0,1
374,36,M,executive,78746,274,3.3102,1.3046,1997-11-24 17:23:13,1998-01-18 07:18:49,54,35-44岁,高活跃,0,0,1
375,17,M,entertainment,37777,28,3.6786,0.863,1998-02-04 19:49:55,1998-02-04 19:55:31,0,18岁以下,低活跃,0,1,0
376,28,F,other,10010,30,3.7333,0.6915,1997-11-13 14:56:16,1997-11-13 22:13:27,0,25-34岁,低活跃,0,1,0
377,22,M,student,18015,33,3.9091,0.9475,1998-03-30 22:12:17,1998-03-30 23:04:38,0,18-24岁,低活跃,0,1,0
378,35,M,student,02859,375,3.424,0.8037,1997-11-20 16:34:10,1998-04-12 12:12:42,142,35-44岁,高活跃,0,0,1
379,44,M,programmer,98117,196,3.9898,0.9446,1997-11-26 06:05:29,1998-04-18 06:04:41,142,35-44岁,高活跃,0,0,1
380,32,M,engineer,55117,162,3.1975,0.918,1998-01-22 14:02:22,1998-01-22 14:59:39,0,25-34岁,高活跃,0,0,1
381,33,M,artist,94608,127,3.811,1.1108,1998-04-16 03:06:36,1998-04-16 03:41:08,0,25-34岁,高活跃,0,0,1
382,45,M,engineer,01824,53,3.4717,1.0489,1997-10-04 06:06:13,1997-10-14 04:23:59,9,45-54岁,中活跃,0,0,0
383,42,M,administrator,75204,71,4.3803,0.8513,1998-03-29 17:22:38,1998-03-29 17:40:42,0,35-44岁,中活跃,0,0,0
384,52,M,programmer,45218,22,4.1364,0.5602,1998-03-30 15:58:29,1998-03-30 18:45:02,0,45-54岁,低活跃,0,1,0
385,36,M,writer,10003,281,3.2954,1.2167,1997-11-13 16:30:00,1998-02-16 23:01:13,95,35-44岁,高活跃,0,0,1
386,36,M,salesman,43221,23,3.6522,0.8317,1997-10-24 01:02:41,1997-10-24 01:06:35,0,35-44岁,低活跃,0,1,0
387,33,M,entertainment,37412,304,3.3618,1.2053,1998-02-03 04:17:10,1998-02-03 05:43:51,0,25-34岁,高活跃,0,0,1
388,31,M,other,36106,52,4.1731,0.8568,1998-02-02 16:23:02,1998-02-02 17:54:22,0,25-34岁,中活跃,0,0,0
389,44,F,writer,83702,271,3.7048,1.0335,1997-11-19 05:00:33,1998-02-19 06:01:11,92,35-44岁,高活跃,0,0,1
390,42,F,writer,85016,31,3.8387,1.1859,1997-11-16 15:17:41,1997-11-16 15:33:29,0,35-44岁,低活跃,0,1,0
391,23,M,student,84604,121,3.7686,1.0146,1997-10-21 01:48:37,1997-10-21 02:15:17,0,18-24岁,高活跃,0,0,1
392,52,M,writer,59801,111,4.045,1.1232,1998-03-27 22:23:05,1998-03-27 22:50:50,0,45-54岁,中活跃,0,0,0
393,19,M,student,83686,448,3.3371,0.8166,1998-02-17 18:59:20,1998-03-31 17:19:17,41,18-24岁,高活跃,0,0,1
394,25,M,administrator,96819,149,3.8591,0.9374,1997-11-30 10:42:26,1997-12-28 10:24:17,27,25-34岁,高活跃,0,0,1
395,43,M,other,44092,57,3.8947,1.0968,1998-01-02 17:28:08,1998-02-03 04:45:49,31,35-44岁,中活跃,0,0,0
396,57,M,engineer,94551,54,3.4074,0.7895,1998-01-12 22:52:08,1998-01-12 23:11:49,0,55岁及以上,中活跃,0,0,0
397,17,M,student,27514,102,3.7059,1.3319,1997-09-24 01:13:33,1998-03-17 22:03:50,174,18岁以下,中活跃,0,0,0
398,40,M,other,60008,172,3.7093,0.9411,1997-09-30 20:32:07,1997-10-03 19:57:46,2,35-44岁,高活跃,0,0,1
399,25,M,other,92374,319,2.9373,0.7945,1997-12-17 06:28:21,1997-12-19 06:25:08,1,25-34岁,高活跃,0,0,1
400,33,F,administrator,78213,22,3.5909,0.7964,1998-01-24 21:10:30,1998-01-24 21:16:22,0,25-34岁,低活跃,0,1,0
401,46,F,healthcare,84107,153,3.1176,1.1118,1998-03-27 20:44:24,1998-03-27 21:27:30,0,45-54岁,高活跃,0,0,1
402,30,M,engineer,95129,68,3.8971,0.9946,1997-10-07 23:24:10,1997-10-07 23:33:55,0,25-34岁,中活跃,0,0,0
403,37,M,other,06811,50,3.68,1.2362,1997-11-17 16:55:03,1997-11-17 18:15:06,0,35-44岁,中活跃,0,0,0
404,29,F,programmer,55108,44,3.25,1.1023,1997-10-15 04:19:38,1998-01-03 01:28:31,79,25-34岁,中活跃,0,0,0
405,22,F,healthcare,10019,737,1.8345,1.3452,1998-01-23 08:37:15,1998-01-23 10:05:43,0,18-24岁,高活跃,0,0,1
406,52,M,educator,93109,342,3.5322,1.0737,1997-11-13 18:20:50,1998-01-12 18:50:33,60,45-54岁,高活跃,0,0,1
407,29,M,engineer,03261,226,3.469,0.8597,1997-09-23 19:17:48,1998-04-22 14:00:37,210,25-34岁,高活跃,0,0,1
408,23,M,student,61755,27,3.7407,1.0952,1998-03-12 05:14:43,1998-03-12 05:21:13,0,18-24岁,低活跃,0,1,0
409,48,M,administrator,98225,203,3.5911,1.1627,1997-12-02 23:17:27,1997-12-03 17:05:12,0,45-54岁,高活跃,0,0,1
410,30,F,artist,94025,28,3.0357,1.0357,1998-02-28 00:41:21,1998-02-28 00:52:18,0,25-34岁,低活跃,0,1,0
411,34,M,educator,44691,58,3.7759,0.7733,1998-03-27 21:43:02,1998-04-17 21:02:51,20,25-34岁,中活跃,0,0,0
412,25,M,educator,15222,51,3.9412,0.7324,1997-11-16 21:42:46,1997-11-16 22:03:49,0,25-34岁,中活跃,0,0,0
413,55,M,educator,78212,50,3.66,1.0022,1997-11-19 19:46:33,1997-11-19 20:04:20,0,55岁及以上,中活跃,0,0,0
414,24,M,programmer,38115,25,3.88,1.1299,1998-01-17 01:02:33,1998-01-17 01:10:39,0,18-24岁,低活跃,0,1,0
415,39,M,educator,85711,24,4.1667,1.0495,1997-11-13 16:38:28,1997-11-13 16:52:40,0,35-44岁,低活跃,0,1,0
416,20,F,student,92626,493,3.8458,1.0935,1997-10-12 22:50:43,1998-04-22 03:05:33,191,18-24岁,高活跃,0,0,1
417,27,F,other,48103,365,3.2466,0.9432,1997-11-16 02:06:39,1998-01-30 19:03:32,75,25-34岁,高活跃,0,0,1
418,55,F,none,21206,20,2.9,1.5183,1998-03-30 18:28:40,1998-03-30 18:33:56,0,55岁及以上,低活跃,0,1,0
419,37,M,lawyer,43215,32,4.2188,0.9064,1997-11-13 15:33:10,1997-11-13 15:43:48,0,35-44岁,低活跃,0,1,0
420,53,M,educator,02140,36,4.1667,0.8452,1998-03-31 15:06:30,1998-03-31 15:14:31,0,45-54岁,低活跃,0,1,0
421,38,F,programmer,55105,62,3.8548,1.0378,1998-04-10 20:46:50,1998-04-10 20:55:36,0,35-44岁,中活跃,0,0,0
422,26,M,entertainment,94533,97,3.4639,0.9249,1997-09-24 19:32:03,1997-11-17 05:24:47,53,25-34岁,中活跃,0,0,0
423,64,M,other,91606,64,3.5781,0.9225,1998-04-01 01:35:03,1998-04-01 01:56:27,0,55岁及以上,中活跃,0,0,0
424,36,F,marketing,55422,44,3.3636,1.331,1997-11-30 02:59:52,1997-11-30 03:15:23,0,35-44岁,中活跃,0,0,0
425,19,M,student,58644,204,2.9559,1.0932,1997-11-05 13:45:11,1998-04-07 22:00:45,153,18-24岁,高活跃,0,0,1
426,55,M,educator,01602,101,3.8317,0.8133,1997-11-13 17:21:47,1997-11-13 18:16:45,0,55岁及以上,中活跃,0,0,0
427,51,M,doctor,85258,31,4.5484,0.7676,1997-11-16 17:14:46,1997-11-16 17:28:46,0,45-54岁,低活跃,0,1,0
428,28,M,student,55414,55,3.9273,0.8132,1998-01-27 23:27:31,1998-04-14 16:47:28,76,25-34岁,中活跃,0,0,0
429,27,M,student,29205,414,3.3937,0.9137,1997-12-17 18:47:17,1997-12-17 19:42:53,0,25-34岁,高活跃,0,0,1
430,38,M,scientist,98199,65,3.5538,0.9847,1997-10-19 01:39:33,1997-10-19 02:02:49,0,35-44岁,中活跃,0,0,0
431,24,M,marketing,92629,21,3.381,0.74,1997-10-26 05:34:22,1997-12-03 05:43:06,38,18-24岁,低活跃,0,1,0
432,22,M,entertainment,50311,62,3.7097,1.0771,1998-03-09 03:56:03,1998-03-09 04:10:57,0,18-24岁,中活跃,0,0,0
433,27,M,artist,11211,41,3.5122,1.3252,1997-11-26 22:57:08,1997-11-26 23:12:03,0,25-34岁,低活跃,0,1,0
434,16,F,student,49705,44,3.7045,1.4237,1998-02-06 00:18:49,1998-02-06 00:31:16,0,18岁以下,中活跃,0,0,0
435,24,M,engineer,60007,379,3.3166,1.0666,1998-01-06 23:49:44,1998-03-12 17:02:50,64,18-24岁,高活跃,0,0,1
436,30,F,administrator,17345,145,3.7517,0.9016,1998-02-18 02:19:58,1998-02-18 03:21:00,0,25-34岁,高活跃,0,0,1
437,27,F,other,20009,263,3.5817,1.1624,1997-11-21 19:11:22,1997-12-01 18:53:25,9,25-34岁,高活跃,0,0,1
438,51,F,administrator,43204,33,4.0606,0.9334,1997-11-18 15:46:00,1997-11-18 15:58:03,0,45-54岁,低活跃,0,1,0
439,23,F,administrator,20817,31,3.7097,0.8638,1997-12-23 15:53:44,1997-12-23 16:21:24,0,18-24岁,低活跃,0,1,0
440,30,M,other,48076,51,4.1765,1.1782,1998-04-02 19:49:54,1998-04-03 04:38:21,0,25-34岁,中活跃,0,0,0
441,50,M,technician,55013,20,3.5,0.7609,1998-03-27 21:44:16,1998-03-27 22:05:06,0,45-54岁,低活跃,0,1,0
442,22,M,student,85282,143,3.1259,0.9183,1997-12-29 09:31:56,1997-12-29 10:29:57,0,18-24岁,高活跃,0,0,1
443,35,M,salesman,33308,24,3.375,1.4982,1997-12-30 17:55:21,1997-12-30 18:11:32,0,35-44岁,低活跃,0,1,0
444,51,F,lawyer,53202,24,3.7917,1.1025,1998-03-18 18:47:27,1998-04-07 20:03:23,20,45-54岁,低活跃,0,1,0
445,21,M,writer,92653,135,1.9852,1.0994,1998-03-27 08:30:10,1998-03-29 19:47:50,2,18-24岁,高活跃,0,0,1
446,57,M,educator,60201,36,2.75,0.9063,1997-11-17 17:11:31,1997-11-17 17:30:59,0,55岁及以上,低活跃,0,1,0
447,30,M,administrator,55113,139,3.5971,0.9833,1997-11-06 22:06:17,1997-11-06 22:50:25,0,25-34岁,高活跃,0,0,1
448,23,M,entertainment,10021,38,3.3421,1.4195,1998-04-06 18:26:01,1998-04-06 19:01:21,0,18-24岁,低活跃,0,1,0
449,23,M,librarian,55021,75,3.7467,1.1519,1997-11-19 16:54:04,1997-11-24 22:37:15,5,18-24岁,中活跃,0,0,0
450,35,F,educator,11758,540,3.8648,0.8627,1997-12-15 19:53:37,1998-04-09 17:13:06,114,35-44岁,高活跃,0,0,1
451,16,M,student,48446,98,2.7347,1.3664,1997-11-08 18:05:42,1997-11-08 18:14:50,0,18岁以下,中活跃,0,0,0
452,35,M,administrator,28018,206,3.4126,1.2414,1997-09-26 08:05:00,1998-02-27 08:38:34,154,35-44岁,高活跃,0,0,1
453,18,M,student,06333,156,3.2885,1.0535,1997-10-07 02:27:19,1998-04-13 05:59:23,188,18-24岁,高活跃,0,0,1
454,57,M,other,97330,236,2.9788,0.9292,1997-12-12 20:25:26,1998-03-31 20:59:28,109,55岁及以上,高活跃,0,0,1
455,48,M,administrator,83709,189,3.5026,0.7482,1997-11-03 19:27:30,1998-04-10 17:54:43,157,45-54岁,高活跃,0,0,1
456,24,M,technician,31820,217,3.4562,0.8439,1997-12-06 01:23:47,1998-02-11 02:56:42,67,18-24岁,高活跃,0,0,1
457,33,F,salesman,30011,277,4.0253,0.9457,1997-12-17 21:06:25,1997-12-19 17:38:33,1,25-34岁,高活跃,0,0,1
458,47,M,technician,Y1A6B,183,3.6885,1.1075,1998-02-02 04:38:34,1998-03-08 02:34:21,33,45-54岁,高活跃,0,0,1
459,22,M,student,29201,118,3.3814,1.0453,1997-11-15 02:38:52,1997-11-15 03:58:41,0,18-24岁,高活跃,0,0,1
460,44,F,other,60630,68,3.4118,0.885,1997-12-23 20:55:10,1997-12-23 21:27:49,0,35-44岁,中活跃,0,0,0
461,15,M,student,98102,23,3.0,1.1282,1998-01-21 04:07:26,1998-01-21 04:15:12,0,18岁以下,低活跃,0,1,0
462,19,F,student,02918,33,4.0,1.3229,1998-02-01 20:32:22,1998-02-01 20:45:28,0,18-24岁,低活跃,0,1,0
463,48,F,healthcare,75218,133,2.8647,1.2897,1997-10-20 22:00:02,1998-03-22 01:47:07,152,45-54岁,高活跃,0,0,1
464,60,M,writer,94583,53,4.0377,0.8762,1997-11-01 03:23:46,1997-11-01 03:34:19,0,55岁及以上,中活跃,0,0,0
465,32,M,other,05001,80,3.4375,0.8089,1997-12-31 00:48:58,1997-12-31 01:35:20,0,25-34岁,中活跃,0,0,0
466,22,M,student,90804,101,3.4653,1.1275,1998-03-19 04:45:59,1998-03-19 05:36:28,0,18-24岁,中活跃,0,0,0
467,29,M,engineer,91201,44,3.6818,0.9829,1997-11-14 18:28:47,1997-11-14 18:40:04,0,25-34岁,中活跃,0,0,0
468,28,M,engineer,02341,143,3.993,0.8999,1997-09-26 13:05:26,1997-09-26 19:30:08,0,25-34岁,高活跃,0,0,1
469,60,M,educator,78628,43,4.5349,0.5498,1997-11-13 19:46:07,1997-11-14 16:36:13,0,55岁及以上,中活跃,0,0,0
470,24,M,programmer,10021,57,3.5789,0.8006,1997-11-10 16:10:16,1997-11-10 19:17:14,0,18-24岁,中活跃,0,0,0
471,10,M,student,77459,31,3.3871,1.5205,1998-03-13 22:21:50,1998-03-13 22:29:14,0,18岁以下,低活跃,0,1,0
472,24,M,student,87544,263,4.2281,0.9212,1997-10-04 15:08:02,1998-04-17 05:31:03,194,18-24岁,高活跃,0,0,1
473,29,M,student,94708,35,3.9143,0.9194,1997-10-29 20:27:04,1997-10-29 20:40:48,0,25-34岁,低活跃,0,1,0
474,51,M,executive,93711,327,4.0826,0.8192,1998-02-19 18:56:55,1998-02-28 01:07:24,8,45-54岁,高活跃,0,0,1
475,30,M,programmer,75230,20,3.6,1.3534,1998-04-01 17:18:03,1998-04-03 18:27:04,2,25-34岁,低活跃,0,1,0
476,28,M,student,60440,83,3.3735,1.0207,1997-12-29 02:55:43,1997-12-29 03:26:29,0,25-34岁,中活跃,0,0,0
477,23,F,student,02125,35,4.4571,0.5054,1997-10-04 04:47:31,1997-10-04 05:14:02,0,18-24岁,低活跃,0,1,0
478,29,M,other,10019,113,3.4159,1.2516,1998-03-08 20:03:38,1998-03-08 23:10:45,0,25-34岁,高活跃,0,0,1
479,30,M,educator,55409,202,3.4208,1.1871,1997-11-13 22:19:12,1998-04-22 21:40:38,159,25-34岁,高活跃,0,0,1
480,57,M,retired,98257,60,3.7333,0.8995,1998-03-29 21:38:59,1998-03-29 22:00:22,0,55岁及以上,中活跃,0,0,0
481,73,M,retired,37771,56,3.9821,0.9044,1998-01-26 15:17:41,1998-01-26 15:40:40,0,55岁及以上,中活跃,0,0,0
482,18,F,student,40256,26,3.4231,0.7575,1998-02-16 15:31:36,1998-02-16 15:48:22,0,18-24岁,低活跃,0,1,0
483,29,M,scientist,43212,59,3.0508,0.9363,1997-11-08 00:52:33,1998-04-20 18:56:12,163,25-34岁,中活跃,0,0,0
484,27,M,student,21208,139,3.9928,0.989,1997-10-28 17:47:40,1998-03-29 18:26:13,152,25-34岁,高活跃,0,0,1
485,44,F,educator,95821,26,3.0385,1.1129,1998-03-27 23:13:43,1998-03-27 23:42:42,0,35-44岁,低活跃,0,1,0
486,39,M,educator,93101,189,3.2222,0.9911,1997-11-18 17:26:13,1997-11-18 17:51:05,0,35-44岁,高活跃,0,0,1
487,22,M,engineer,92121,231,3.645,1.1551,1997-12-29 23:56:35,1998-02-23 19:33:01,55,18-24岁,高活跃,0,0,1
488,48,M,technician,21012,154,3.3571,0.9124,1998-03-30 21:17:31,1998-03-31 20:28:57,0,45-54岁,高活跃,0,0,1
489,55,M,other,45218,109,3.7248,1.1045,1998-03-31 16:45:40,1998-04-01 16:52:35,1,55岁及以上,中活跃,0,0,0
490,29,F,artist,V5A2B,57,2.7895,1.2209,1997-09-28 06:10:21,1997-09-28 06:39:25,0,25-34岁,中活跃,0,0,0
491,43,F,writer,53711,33,3.8485,1.2278,1998-03-29 15:16:07,1998-03-29 16:44:36,0,35-44岁,低活跃,0,1,0
492,57,M,educator,94618,55,3.5273,1.0338,1997-11-19 19:51:39,1997-11-19 20:04:39,0,55岁及以上,中活跃,0,0,0
493,22,M,engineer,60090,135,3.7556,1.1874,1998-01-06 23:35:25,1998-01-07 00:31:24,0,18-24岁,高活跃,0,0,1
494,38,F,administrator,49428,47,3.8723,1.0958,1997-11-14 20:48:28,1997-11-14 21:04:36,0,35-44岁,中活跃,0,0,0
495,29,M,engineer,03052,213,3.9531,1.1317,1998-02-28 02:14:03,1998-02-28 03:49:28,0,25-34岁,高活跃,0,0,1
496,21,F,student,55414,129,3.031,1.2805,1997-10-05 15:03:04,1997-10-05 17:51:22,0,18-24岁,高活跃,0,0,1
497,20,M,student,50112,279,3.1792,0.9116,1997-11-05 19:49:11,1997-11-12 19:43:00,6,18-24岁,高活跃,0,0,1
498,26,M,writer,55408,149,3.2886,0.9248,1997-12-12 19:05:27,1997-12-15 17:02:01,2,25-34岁,高活跃,0,0,1
499,42,M,programmer,75006,102,3.8627,1.0248,1997-12-24 20:32:38,1998-04-13 21:00:59,110,35-44岁,中活跃,0,0,0
500,28,M,administrator,94305,225,3.3422,1.0147,1998-01-03 21:55:27,1998-04-21 20:55:33,107,25-34岁,高活跃,0,0,1
501,22,M,student,10025,73,3.7671,0.5897,1997-12-28 22:03:43,1998-01-05 10:13:23,7,18-24岁,中活跃,0,0,0
502,22,M,student,23092,37,3.1081,1.1251,1998-01-02 00:43:12,1998-01-02 01:02:25,0,18-24岁,低活跃,0,1,0
503,50,F,writer,27514,160,4.0188,1.2412,1997-11-13 16:20:24,1998-04-15 19:18:11,153,45-54岁,高活跃,0,0,1
504,40,F,writer,92115,251,3.6215,0.8223,1998-02-18 19:45:15,1998-03-10 17:25:57,19,35-44岁,高活跃,0,0,1
505,27,F,other,20657,112,3.3661,0.9954,1998-02-28 01:56:39,1998-03-08 05:23:34,8,25-34岁,高活跃,0,0,1
506,46,M,programmer,03869,242,3.6736,1.084,1997-09-21 17:17:09,1998-03-15 16:36:01,174,45-54岁,高活跃,0,0,1
507,18,F,writer,28450,58,4.7241,0.7676,1998-03-15 12:12:39,1998-03-15 12:48:47,0,18-24岁,中活跃,0,0,0
508,27,M,marketing,19382,87,3.8276,0.9789,1998-01-02 18:48:51,1998-01-02 21:43:50,0,25-34岁,中活跃,0,0,0
509,23,M,administrator,10011,33,2.5152,1.3257,1997-12-31 17:41:55,1997-12-31 18:11:18,0,18-24岁,低活跃,0,1,0
510,34,M,other,98038,30,2.7667,1.1043,1998-02-16 22:17:19,1998-02-16 22:26:09,0,25-34岁,低活跃,0,1,0
511,22,M,student,21250,24,3.75,1.1132,1998-03-15 23:30:58,1998-03-15 23:38:22,0,18-24岁,低活跃,0,1,0
512,29,M,other,20090,21,4.3333,0.8563,1998-02-27 11:18:09,1998-02-27 14:18:46,0,25-34岁,低活跃,0,1,0
513,43,M,administrator,26241,22,4.3636,0.7267,1998-01-17 18:38:06,1998-01-17 18:59:09,0,35-44岁,低活跃,0,1,0
514,27,M,programmer,20707,194,3.8402,0.8876,1997-09-26 21:17:54,1998-04-06 22:02:44,192,25-34岁,高活跃,0,0,1
515,53,M,marketing,49508,40,3.0,0.9337,1998-02-16 19:50:04,1998-02-16 20:15:31,0,45-54岁,低活跃,0,1,0
516,53,F,librarian,10021,21,4.0952,0.7684,1998-03-30 20:42:45,1998-03-30 20:44:45,0,45-54岁,低活跃,0,1,0
517,24,M,student,55454,37,3.2973,1.2442,1997-09-29 00:14:26,1998-04-15 17:18:48,198,18-24岁,低活跃,0,1,0
518,49,F,writer,99709,73,3.6438,1.0976,1997-10-14 09:49:41,1997-10-14 10:17:46,0,45-54岁,中活跃,0,0,0
519,22,M,other,55320,49,4.1224,1.4088,1997-12-27 18:41:05,1998-01-27 19:27:02,31,18-24岁,中活跃,0,0,0
520,62,M,healthcare,12603,23,3.4348,1.3082,1998-01-19 00:09:51,1998-01-19 00:43:05,0,55岁及以上,低活跃,0,1,0
521,19,M,student,02146,150,3.14,0.8672,1998-01-10 23:37:50,1998-01-29 08:45:53,18,18-24岁,高活跃,0,0,1
522,36,M,engineer,55443,30,4.3333,0.8023,1997-10-16 00:13:44,1997-10-16 00:21:54,0,35-44岁,低活跃,0,1,0
523,50,F,administrator,04102,100,4.36,0.718,1998-01-02 00:04:24,1998-01-02 01:11:35,0,45-54岁,中活跃,0,0,0
524,56,M,educator,02159,306,3.4935,1.0597,1998-01-08 19:22:59,1998-01-15 02:52:52,6,55岁及以上,高活跃,0,0,1
525,27,F,administrator,19711,54,3.2963,0.9034,1997-12-02 17:52:58,1997-12-02 18:24:27,0,25-34岁,中活跃,0,0,0
526,30,M,marketing,97124,68,3.2353,1.271,1998-01-24 22:44:20,1998-01-24 22:57:37,0,25-34岁,中活跃,0,0,0
527,33,M,librarian,12180,137,3.8321,0.9515,1997-11-13 21:09:14,1997-11-13 21:31:31,0,25-34岁,高活跃,0,0,1
528,18,M,student,55104,53,3.717,1.0809,1998-01-29 19:17:08,1998-02-26 19:50:42,28,18-24岁,中活跃,0,0,0
529,47,F,administrator,44224,43,3.6047,0.8767,1997-12-19 12:36:36,1997-12-19 12:50:20,0,45-54岁,中活跃,0,0,0
530,29,M,engineer,94040,45,3.8889,0.7752,1998-01-02 22:54:29,1998-04-03 02:01:35,90,25-34岁,中活跃,0,0,0
531,30,F,salesman,97408,30,3.2333,1.6543,1998-02-09 18:24:46,1998-02-09 18:36:04,0,25-34岁,低活跃,0,1,0
532,20,M,student,92705,274,4.1204,0.9741,1997-09-20 20:29:47,1998-04-21 00:44:51,212,18-24岁,高活跃,0,0,1
533,43,M,librarian,02324,260,3.3846,1.0573,1997-11-10 19:37:50,1998-04-21 12:15:44,161,35-44岁,高活跃,0,0,1
534,20,M,student,05464,80,4.075,0.8535,1997-10-25 19:23:49,1997-10-25 19:39:21,0,18-24岁,中活跃,0,0,0
535,45,F,educator,80302,218,3.9358,0.8454,1997-11-15 18:04:23,1997-11-15 18:41:26,0,45-54岁,高活跃,0,0,1
536,38,M,engineer,30078,163,3.8712,0.9822,1997-12-17 00:05:49,1997-12-17 13:21:16,0,35-44岁,高活跃,0,0,1
537,36,M,engineer,22902,490,2.8653,0.9732,1998-01-28 23:00:46,1998-01-29 00:04:06,0,35-44岁,高活跃,0,0,1
538,31,M,scientist,21010,81,3.6173,0.943,1997-10-17 13:40:40,1997-10-20 16:16:44,3,25-34岁,中活跃,0,0,0
539,53,F,administrator,80303,56,3.9821,0.9044,1997-11-17 17:29:30,1997-11-17 17:43:43,0,45-54岁,中活跃,0,0,0
540,28,M,engineer,91201,63,3.7143,0.6072,1997-12-15 03:29:44,1997-12-15 03:50:20,0,25-34岁,中活跃,0,0,0
541,19,F,student,84302,133,3.6241,1.1187,1998-01-03 21:48:43,1998-01-23 22:52:52,20,18-24岁,高活跃,0,0,1
542,21,M,student,60515,135,3.4889,0.7999,1998-02-03 18:55:20,1998-02-03 19:22:54,0,18-24岁,高活跃,0,0,1
543,33,M,scientist,95123,197,3.533,0.725,1997-09-21 17:07:19,1998-03-24 07:19:52,183,25-34岁,高活跃,0,0,1
544,44,F,other,29464,31,2.8065,1.0139,1998-01-14 16:25:35,1998-01-14 16:41:26,0,35-44岁,低活跃,0,1,0
545,27,M,technician,08052,162,3.5062,0.8284,1997-11-19 00:11:41,1998-01-07 01:04:48,49,25-34岁,高活跃,0,0,1
546,36,M,executive,22911,59,3.8983,1.1094,1998-01-18 16:06:20,1998-01-18 16:38:58,0,35-44岁,中活跃,0,0,0
547,50,M,educator,14534,23,3.6522,1.0273,1998-03-30 18:29:15,1998-03-30 18:36:07,0,45-54岁,低活跃,0,1,0
548,51,M,writer,95468,155,3.671,1.212,1998-03-27 23:43:14,1998-04-01 07:39:31,4,45-54岁,高活跃,0,0,1
549,42,M,scientist,45680,25,3.72,0.8426,1997-12-09 12:50:33,1997-12-09 13:06:44,0,35-44岁,低活跃,0,1,0
550,16,F,student,95453,40,3.675,1.2066,1997-12-29 19:54:43,1997-12-29 20:08:39,0,18岁以下,低活跃,0,1,0
551,25,M,programmer,55414,334,3.8024,1.3456,1998-04-16 03:09:25,1998-04-17 03:57:11,1,25-34岁,高活跃,0,0,1
552,45,M,other,68147,84,3.0952,0.5514,1997-11-11 03:56:04,1997-11-11 04:32:43,0,45-54岁,中活跃,0,0,0
553,58,M,educator,62901,100,4.17,0.7792,1997-11-19 14:03:55,1997-11-19 14:22:04,0,55岁及以上,中活跃,0,0,0
554,32,M,scientist,62901,114,3.5702,0.7867,1997-10-07 13:32:03,1997-11-06 07:29:14,29,25-34岁,高活跃,0,0,1
555,29,F,educator,23227,52,4.0192,0.6999,1997-11-19 17:52:43,1997-12-17 19:10:41,28,25-34岁,中活跃,0,0,0
556,35,F,educator,30606,44,4.2045,1.1926,1997-12-14 21:37:17,1997-12-14 21:54:01,0,35-44岁,中活跃,0,0,0
557,30,F,writer,11217,53,3.7547,1.0725,1997-11-25 19:08:49,1998-01-09 14:54:08,44,25-34岁,中活跃,0,0,0
558,56,F,writer,63132,20,4.2,0.8335,1997-11-13 15:43:48,1997-11-13 15:53:16,0,55岁及以上,低活跃,0,1,0
559,69,M,executive,10022,76,3.5789,1.0986,1998-03-27 21:20:35,1998-03-27 21:59:39,0,55岁及以上,中活跃,0,0,0
560,32,M,student,10003,101,3.396,0.9389,1997-11-19 21:31:27,1997-11-19 22:19:33,0,25-34岁,中活跃,0,0,0
561,23,M,engineer,60005,357,3.0252,1.0095,1998-01-26 09:25:10,1998-04-20 20:49:35,84,18-24岁,高活跃,0,0,1
562,54,F,administrator,20879,72,3.5417,1.4626,1997-11-10 20:43:36,1997-11-10 21:18:29,0,45-54岁,中活跃,0,0,0
563,39,F,librarian,32707,30,3.7667,1.0726,1997-11-26 01:02:01,1997-11-26 01:27:52,0,35-44岁,低活跃,0,1,0
564,65,M,retired,94591,34,3.4118,0.6568,1998-03-01 02:13:35,1998-03-01 05:43:58,0,55岁及以上,低活跃,0,1,0
565,40,M,student,55422,35,4.5429,0.7005,1998-03-27 22:20:52,1998-03-27 22:31:02,0,35-44岁,低活跃,0,1,0
566,20,M,student,14627,149,3.443,1.1113,1997-12-09 06:34:33,1997-12-09 07:17:09,0,18-24岁,高活跃,0,0,1
567,24,M,entertainment,10003,155,3.9548,0.9892,1997-12-18 06:13:50,1997-12-18 06:43:04,0,18-24岁,高活跃,0,0,1
568,39,M,educator,01915,81,3.3704,1.145,1997-10-26 22:55:47,1997-10-26 23:17:57,0,35-44岁,中活跃,0,0,0
569,34,M,educator,91903,70,3.4857,0.9128,1997-11-17 18:56:31,1997-11-26 15:49:16,8,25-34岁,中活跃,0,0,0
570,26,M,educator,14627,22,2.6818,1.2868,1997-12-04 19:02:25,1997-12-04 19:13:15,0,25-34岁,低活跃,0,1,0
571,34,M,artist,01945,20,3.45,0.7592,1997-12-29 00:19:20,1997-12-29 00:24:23,0,25-34岁,低活跃,0,1,0
572,51,M,educator,20003,20,3.25,1.1642,1997-11-13 19:26:19,1997-11-13 19:37:20,0,45-54岁,低活跃,0,1,0
573,68,M,retired,48911,51,3.7451,0.6275,1998-01-26 19:37:56,1998-01-26 19:57:54,0,55岁及以上,中活跃,0,0,0
574,56,M,educator,53188,46,3.5217,1.1877,1998-03-30 17:27:40,1998-03-30 17:41:52,0,55岁及以上,中活跃,0,0,0
575,33,M,marketing,46032,26,3.1538,1.4613,1997-10-29 17:34:07,1997-10-29 18:06:28,0,25-34岁,低活跃,0,1,0
576,48,M,executive,98281,36,3.5278,0.8779,1998-02-08 17:48:18,1998-02-11 03:50:19,2,45-54岁,低活跃,0,1,0
577,36,F,student,77845,188,3.8032,0.8393,1997-11-25 14:58:23,1998-03-16 23:09:09,111,35-44岁,高活跃,0,0,1
578,31,M,administrator,M7A1A,24,2.6667,1.0901,1998-02-11 20:35:35,1998-03-26 19:16:55,42,25-34岁,低活跃,0,1,0
579,32,M,educator,48103,74,3.473,0.91,1997-12-01 04:42:26,1997-12-01 05:02:59,0,25-34岁,中活跃,0,0,0
580,16,M,student,17961,47,3.5532,1.1574,1998-01-06 22:01:43,1998-01-06 22:34:37,0,18岁以下,中活跃,0,0,0
581,37,M,other,94131,28,4.0357,0.9993,1997-11-16 00:49:08,1997-11-16 01:19:15,0,35-44岁,低活跃,0,1,0
582,17,M,student,93003,62,3.2742,1.1476,1997-12-24 10:46:36,1997-12-24 11:31:54,0,18岁以下,中活跃,0,0,0
583,44,M,engineer,29631,27,4.4444,0.698,1997-11-13 01:20:52,1997-11-13 01:29:35,0,35-44岁,低活跃,0,1,0
584,25,M,student,27511,24,3.5417,0.9315,1998-01-26 00:18:41,1998-01-26 01:39:40,0,25-34岁,低活跃,0,1,0
585,69,M,librarian,98501,80,3.7375,0.9379,1998-03-30 18:09:45,1998-03-30 19:30:56,0,55岁及以上,中活跃,0,0,0
586,20,M,student,79508,166,3.3253,0.8684,1998-01-06 03:28:33,1998-01-06 06:52:03,0,18-24岁,高活跃,0,0,1
587,26,M,other,14216,98,2.9694,1.0498,1998-04-18 03:42:36,1998-04-18 03:55:52,0,25-34岁,中活跃,0,0,0
588,18,F,student,93063,225,3.7422,1.1935,1998-03-16 02:16:31,1998-03-16 07:13:41,0,18-24岁,高活跃,0,0,1
589,21,M,lawyer,90034,43,3.4419,1.4849,1997-12-28 23:39:32,1997-12-28 23:46:27,0,18-24岁,中活跃,0,0,0
590,50,M,educator,82435,48,3.5,1.185,1997-11-13 16:31:26,1997-11-13 16:47:25,0,45-54岁,中活跃,0,0,0
591,57,F,librarian,92093,84,3.6548,0.7838,1998-03-27 20:35:56,1998-03-27 23:12:46,0,55岁及以上,中活跃,0,0,0
592,18,M,student,97520,360,3.8139,1.3461,1997-12-20 08:41:26,1998-02-27 04:20:33,68,18-24岁,高活跃,0,0,1
593,31,F,educator,68767,156,3.609,1.0811,1997-09-30 18:39:12,1998-03-02 21:03:56,153,25-34岁,高活跃,0,0,1
594,46,M,educator,M4J2K,25,3.48,0.6532,1997-09-20 18:41:04,1997-10-25 21:51:42,35,45-54岁,低活跃,0,1,0
595,25,M,programmer,31909,96,3.1979,1.0723,1998-02-08 06:49:36,1998-02-16 00:16:43,7,25-34岁,中活跃,0,0,0
596,20,M,artist,77073,20,3.6,0.8826,1997-12-31 03:26:55,1997-12-31 03:42:47,0,18-24岁,低活跃,0,1,0
597,23,M,other,84116,41,3.6341,1.1991,1997-09-27 05:43:03,1997-09-27 06:59:43,0,18-24岁,低活跃,0,1,0
598,40,F,marketing,43085,25,3.68,1.0296,1998-02-05 20:25:30,1998-02-05 20:45:21,0,35-44岁,低活跃,0,1,0
599,22,F,student,R3T5K,47,3.8936,1.0882,1997-12-01 04:36:37,1997-12-01 05:17:21,0,18-24岁,中活跃,0,0,0
600,34,M,programmer,02320,89,3.5843,1.0092,1998-02-26 00:03:08,1998-02-26 00:32:25,0,25-34岁,中活跃,0,0,0
601,19,F,artist,99687,148,3.0811,1.3171,1997-10-08 21:32:24,1997-10-08 22:59:42,0,18-24岁,高活跃,0,0,1
602,47,F,other,34656,29,3.7931,0.7736,1998-02-28 03:50:47,1998-02-28 04:05:03,0,45-54岁,低活跃,0,1,0
603,21,M,programmer,47905,47,3.7872,1.1021,1998-04-07 13:32:02,1998-04-07 13:52:19,0,18-24岁,中活跃,0,0,0
604,39,M,educator,11787,27,3.2963,1.2654,1998-01-01 15:19:06,1998-01-01 15:25:52,0,35-44岁,低活跃,0,1,0
605,33,M,engineer,33716,90,3.7556,1.1928,1997-11-12 20:05:01,1997-12-01 22:42:56,19,25-34岁,中活跃,0,0,0
606,28,M,programmer,63044,236,3.9661,0.8842,1997-10-23 21:25:31,1998-03-05 22:35:08,133,25-34岁,高活跃,0,0,1
607,49,F,healthcare,02154,37,3.8378,0.6877,1998-01-04 01:56:39,1998-01-04 02:16:20,0,45-54岁,低活跃,0,1,0
608,22,M,other,10003,163,3.6748,1.2367,1997-11-24 20:11:12,1997-11-24 21:49:10,0,18-24岁,高活跃,0,0,1
609,13,F,student,55106,28,2.3929,1.7499,1998-02-07 23:37:17,1998-02-08 00:04:41,0,18岁以下,低活跃,0,1,0
610,22,M,student,21227,75,3.7333,1.0696,1998-02-28 21:52:44,1998-02-28 22:13:20,0,18-24岁,中活跃,0,0,0
611,46,M,librarian,77008,42,3.8333,1.1025,1998-04-03 20:41:12,1998-04-03 20:46:39,0,45-54岁,中活跃,0,0,0
612,36,M,educator,79070,27,3.3704,0.9667,1997-09-27 01:37:46,1997-09-27 01:54:16,0,35-44岁,低活跃,0,1,0
613,37,F,marketing,29678,28,4.3214,0.863,1998-03-30 03:05:11,1998-03-30 03:10:10,0,35-44岁,低活跃,0,1,0
614,54,M,educator,80227,39,3.1282,1.1045,1997-11-13 23:27:10,1997-11-13 23:57:32,0,45-54岁,低活跃,0,1,0
615,38,M,educator,27705,103,3.8641,1.0941,1997-11-13 18:58:20,1997-11-13 19:26:51,0,35-44岁,中活跃,0,0,0
616,55,M,scientist,50613,43,3.6279,0.7875,1998-03-30 02:20:47,1998-03-30 02:28:39,0,55岁及以上,中活跃,0,0,0
617,27,F,writer,11201,108,2.6204,1.3376,1998-01-03 00:48:31,1998-01-03 01:09:07,0,25-34岁,中活跃,0,0,0
618,15,F,student,44212,216,3.287,0.9793,1998-03-31 01:15:27,1998-03-31 02:05:29,0,18岁以下,高活跃,0,0,1
619,17,M,student,44134,89,3.5056,1.2714,1998-01-28 02:12:17,1998-01-28 02:25:41,0,18岁以下,中活跃,0,0,0
620,18,F,writer,81648,110,3.8273,1.0124,1998-03-15 18:26:51,1998-03-15 18:59:01,0,18-24岁,中活跃,0,0,0
621,17,M,student,60402,171,3.5497,1.0525,1997-09-22 21:10:14,1998-03-21 21:59:49,180,18岁以下,高活跃,0,0,1
622,25,M,programmer,14850,228,3.3904,1.1424,1997-12-20 03:50:30,1997-12-21 02:55:41,0,25-34岁,高活跃,0,0,1
623,50,F,educator,60187,45,3.7333,1.0531,1998-03-27 20:55:07,1998-03-27 21:45:12,0,45-54岁,中活跃,0,0,0
624,19,M,student,30067,141,3.5319,0.7517,1997-11-17 18:36:32,1998-04-07 15:03:00,140,18-24岁,高活跃,0,0,1
625,27,M,programmer,20723,106,3.434,0.7305,1998-03-30 12:56:01,1998-04-08 16:49:58,9,25-34岁,中活跃,0,0,0
626,23,M,scientist,19807,32,2.3438,1.5368,1997-11-05 23:07:22,1998-02-18 03:35:22,104,18-24岁,低活跃,0,1,0
627,24,M,engineer,08034,181,3.2928,1.0839,1997-11-14 17:42:19,1997-11-14 18:19:17,0,18-24岁,高活跃,0,0,1
628,13,M,none,94306,27,4.7037,0.724,1997-11-29 04:16:21,1997-11-29 04:19:27,0,18岁以下,低活跃,0,1,0
629,46,F,other,44224,121,4.0826,0.9882,1997-11-21 12:37:19,1997-11-21 13:10:52,0,45-54岁,高活跃,0,0,1
630,26,F,healthcare,55408,108,3.3241,1.0575,1998-01-24 18:19:35,1998-01-25 19:20:30,1,25-34岁,中活跃,0,0,0
631,18,F,student,38866,20,3.1,0.9119,1998-02-26 03:48:35,1998-02-26 03:55:51,0,18-24岁,低活跃,0,1,0
632,18,M,student,55454,118,3.661,1.023,1997-11-13 21:34:03,1997-11-13 22:22:57,0,18-24岁,高活跃,0,0,1
633,35,M,programmer,55414,58,3.3103,0.7541,1997-09-27 01:37:13,1997-10-18 22:09:54,21,35-44岁,中活跃,0,0,0
634,39,M,engineer,T8H1N,135,3.3704,0.9521,1997-10-01 17:58:22,1998-03-24 22:51:23,174,35-44岁,高活跃,0,0,1
635,22,M,other,23237,34,3.2647,1.0818,1997-11-07 04:56:27,1997-11-07 05:09:06,0,18-24岁,低活跃,0,1,0
636,47,M,educator,48043,20,4.45,0.8256,1998-04-01 16:29:15,1998-04-01 16:49:31,0,45-54岁,低活跃,0,1,0
637,30,M,other,74101,104,2.4904,1.1987,1997-12-23 17:38:12,1997-12-23 19:32:53,0,25-34岁,中活跃,0,0,0
638,45,M,engineer,01940,67,3.5373,1.0347,1997-10-12 22:18:24,1997-10-12 22:38:37,0,45-54岁,中活跃,0,0,0
639,42,F,librarian,12065,148,2.9595,1.1421,1998-03-30 06:15:14,1998-03-30 07:38:52,0,35-44岁,高活跃,0,0,1
640,20,M,student,61801,109,4.2294,0.8123,1997-09-20 17:41:00,1998-03-16 02:09:04,176,18-24岁,中活跃,0,0,0
641,24,M,student,60626,40,4.125,0.7906,1997-11-12 21:23:26,1997-11-12 21:32:45,0,18-24岁,低活跃,0,1,0
642,18,F,student,95521,318,3.6226,1.1629,1998-01-24 00:31:05,1998-04-10 20:44:11,76,18-24岁,高活跃,0,0,1
643,39,M,scientist,55122,206,3.7379,0.7959,1998-04-01 15:39:00,1998-04-13 21:22:11,12,35-44岁,高活跃,0,0,1
644,51,M,retired,63645,42,4.0,0.6247,1998-03-05 05:32:08,1998-03-05 05:58:33,0,45-54岁,中活跃,0,0,0
645,27,M,programmer,53211,122,3.959,0.8566,1998-04-08 16:08:28,1998-04-08 17:15:28,0,25-34岁,高活跃,0,0,1
646,17,F,student,51250,38,2.9474,0.6954,1998-02-26 21:26:32,1998-02-26 21:39:40,0,18岁以下,低活跃,0,1,0
647,40,M,educator,45810,58,3.8276,0.6526,1997-10-11 00:43:48,1997-10-13 20:58:41,2,35-44岁,中活跃,0,0,0
648,43,M,engineer,91351,297,3.2593,1.2748,1997-12-15 18:35:26,1998-01-15 17:14:26,30,35-44岁,高活跃,0,0,1
649,20,M,student,39762,24,3.7917,0.9771,1998-04-01 14:16:54,1998-04-01 14:24:55,0,18-24岁,低活跃,0,1,0
650,42,M,engineer,83814,311,3.1543,0.7963,1998-03-31 18:28:05,1998-04-01 00:07:17,0,35-44岁,高活跃,0,0,1
651,65,M,retired,02903,21,3.2857,1.3836,1997-11-12 15:34:40,1997-11-21 15:37:12,9,55岁及以上,低活跃,0,1,0
652,35,M,other,22911,22,3.1364,1.0372,1997-12-19 21:27:37,1997-12-19 21:36:23,0,35-44岁,低活跃,0,1,0
653,31,M,executive,55105,283,2.6926,1.1794,1997-11-06 22:00:18,1998-04-22 20:14:51,166,25-34岁,高活跃,0,0,1
654,27,F,student,78739,147,3.6871,1.0904,1998-02-19 04:35:52,1998-03-09 13:50:20,18,25-34岁,高活跃,0,0,1
655,50,F,healthcare,60657,685,2.908,0.7327,1998-02-14 02:52:00,1998-04-19 16:11:23,64,45-54岁,高活跃,0,0,1
656,48,M,educator,10314,24,2.5417,1.1025,1998-04-11 18:12:23,1998-04-11 18:29:19,0,45-54岁,低活跃,0,1,0
657,26,F,none,78704,29,3.2414,1.2146,1998-01-08 05:28:11,1998-01-08 06:33:12,0,25-34岁,低活跃,0,1,0
658,33,M,programmer,92626,71,3.7324,0.8099,1997-09-24 23:58:13,1997-09-25 00:45:19,0,25-34岁,中活跃,0,0,0
659,31,M,educator,54248,191,3.7906,0.8449,1998-03-28 00:27:29,1998-03-31 23:36:40,3,25-34岁,高活跃,0,0,1
660,26,M,student,77380,224,2.5848,0.9713,1998-03-29 18:51:02,1998-04-14 02:27:36,15,25-34岁,高活跃,0,0,1
661,28,M,programmer,98121,121,3.9174,0.9091,1997-10-05 00:56:37,1998-04-22 21:37:03,199,25-34岁,高活跃,0,0,1
662,55,M,librarian,19102,23,3.8696,0.9679,1997-11-26 18:37:45,1997-11-26 19:03:26,0,55岁及以上,低活跃,0,1,0
663,26,M,other,19341,158,3.5316,0.9077,1998-03-10 00:58:35,1998-03-10 01:37:49,0,25-34岁,高活跃,0,0,1
664,30,M,engineer,94115,166,3.747,0.9386,1997-10-10 22:38:12,1997-10-29 19:07:28,18,25-34岁,高活跃,0,0,1
665,25,M,administrator,55412,142,3.4789,0.7784,1998-01-08 20:04:10,1998-01-13 13:22:00,4,25-34岁,高活跃,0,0,1
666,44,M,administrator,61820,245,3.6653,0.7907,1997-11-21 18:58:22,1997-11-26 18:24:54,4,35-44岁,高活跃,0,0,1
667,35,M,librarian,01970,47,3.9574,1.0206,1998-03-27 21:33:24,1998-03-27 21:46:46,0,35-44岁,中活跃,0,0,0
668,29,F,writer,10016,46,3.5217,1.0486,1997-12-07 19:40:12,1998-03-19 23:14:45,102,25-34岁,中活跃,0,0,0
669,37,M,other,20009,100,3.38,1.1702,1998-03-29 14:42:52,1998-04-14 10:38:30,15,35-44岁,中活跃,0,0,0
670,30,M,technician,21114,46,3.8478,1.0321,1997-10-27 17:41:10,1997-10-27 18:08:51,0,25-34岁,中活跃,0,0,0
671,21,M,programmer,91919,124,3.5806,1.1554,1997-09-27 18:53:22,1998-01-09 19:47:01,104,18-24岁,高活跃,0,0,1
672,54,F,administrator,90095,29,3.2414,1.123,1997-11-17 17:24:20,1997-11-17 18:01:12,0,45-54岁,低活跃,0,1,0
673,51,M,educator,22906,35,3.8857,0.9933,1998-03-01 21:15:42,1998-03-01 21:26:27,0,45-54岁,低活跃,0,1,0
674,13,F,student,55337,41,3.6585,0.9902,1998-02-18 00:38:16,1998-02-18 00:56:26,0,18岁以下,低活跃,0,1,0
675,34,M,other,28814,34,3.7059,1.3602,1998-03-10 00:07:11,1998-03-10 00:35:51,0,25-34岁,低活跃,0,1,0
676,30,M,programmer,32712,77,3.5844,1.4631,1998-04-16 00:07:04,1998-04-16 00:32:38,0,25-34岁,中活跃,0,0,0
677,20,M,other,99835,49,3.5918,1.3832,1998-01-19 06:26:06,1998-03-08 23:27:51,48,18-24岁,中活跃,0,0,0
678,50,M,educator,61462,28,3.4286,0.9974,1997-11-14 21:50:54,1997-11-14 22:03:09,0,45-54岁,低活跃,0,1,0
679,20,F,student,54302,62,3.6613,0.9742,1998-01-09 02:24:20,1998-01-11 03:28:03,2,18-24岁,中活跃,0,0,0
680,33,M,lawyer,90405,38,4.0,0.7711,1997-10-14 07:59:02,1997-10-17 08:01:52,3,25-34岁,低活跃,0,1,0
681,44,F,marketing,97208,22,3.2273,1.4778,1998-01-21 19:02:50,1998-01-21 19:13:29,0,35-44岁,低活跃,0,1,0
682,23,M,programmer,55128,399,3.1378,1.0142,1998-02-26 18:13:34,1998-02-26 20:10:10,0,18-24岁,高活跃,0,0,1
683,42,M,librarian,23509,75,3.2267,1.021,1998-04-22 22:04:24,1998-04-22 23:10:03,0,35-44岁,中活跃,0,0,0
684,28,M,student,55414,86,3.4884,0.9298,1997-10-02 16:42:54,1997-11-05 20:38:22,34,25-34岁,中活跃,0,0,0
685,32,F,librarian,55409,20,2.05,0.7592,1997-11-13 18:57:23,1997-11-13 20:05:40,0,25-34岁,低活跃,0,1,0
686,32,M,educator,26506,71,4.5634,0.8739,1997-11-14 21:37:25,1997-11-14 22:42:17,0,25-34岁,中活跃,0,0,0
687,31,F,healthcare,27713,21,3.4762,0.8729,1998-01-13 00:30:20,1998-01-13 00:48:02,0,25-34岁,低活跃,0,1,0
688,37,F,administrator,60476,24,4.8333,0.637,1998-01-07 06:10:25,1998-01-07 06:15:51,0,35-44岁,低活跃,0,1,0
689,25,M,other,45439,36,3.8333,1.2306,1997-10-12 16:43:26,1997-11-11 01:25:43,29,25-34岁,低活跃,0,1,0
690,35,M,salesman,63304,115,3.1478,1.078,1997-12-03 19:27:17,1997-12-03 20:22:44,0,35-44岁,高活跃,0,0,1
691,34,M,educator,60089,32,4.2188,1.1566,1997-09-29 14:21:08,1997-09-29 14:29:55,0,25-34岁,低活跃,0,1,0
692,34,M,engineer,18053,40,3.275,0.8767,1997-10-15 20:20:33,1997-10-15 22:26:21,0,25-34岁,低活跃,0,1,0
693,43,F,healthcare,85210,154,3.1364,0.957,1997-09-28 21:15:36,1998-03-06 07:05:54,158,35-44岁,高活跃,0,0,1
694,60,M,programmer,06365,157,4.1529,0.6422,1997-10-01 17:20:53,1997-10-01 18:37:30,0,55岁及以上,高活跃,0,0,1
695,26,M,writer,38115,38,3.2895,1.3133,1998-03-02 02:29:27,1998-03-02 02:38:12,0,25-34岁,低活跃,0,1,0
696,55,M,other,94920,29,3.931,1.2227,1998-02-02 07:12:58,1998-02-02 07:30:17,0,55岁及以上,低活跃,0,1,0
697,25,M,other,77042,105,3.7143,1.2688,1997-12-20 12:37:11,1997-12-20 13:00:24,0,25-34岁,中活跃,0,0,0
698,28,F,programmer,06906,127,2.8425,1.1299,1998-02-01 20:38:47,1998-02-01 21:29:05,0,25-34岁,高活跃,0,0,1
699,44,M,other,96754,149,3.1477,0.7387,1997-11-07 05:47:55,1998-04-21 06:42:21,165,35-44岁,高活跃,0,0,1
700,17,M,student,76309,21,3.6667,0.7303,1998-01-11 04:38:43,1998-01-11 04:53:40,0,18岁以下,低活跃,0,1,0
701,51,F,librarian,56321,33,4.2121,0.7398,1998-04-01 16:01:28,1998-04-01 16:13:48,0,45-54岁,低活跃,0,1,0
702,37,M,other,89104,31,2.4516,1.524,1998-01-25 22:28:26,1998-01-25 22:36:15,0,35-44岁,低活跃,0,1,0
703,26,M,educator,49512,47,3.5319,1.0602,1997-09-26 02:47:56,1997-09-26 03:04:09,0,25-34岁,中活跃,0,0,0
704,51,F,librarian,91105,90,3.7778,1.0253,1998-04-01 02:09:55,1998-04-01 02:45:26,0,45-54岁,中活跃,0,0,0
705,21,F,student,54494,114,3.7105,1.1345,1997-12-29 20:19:07,1997-12-30 21:55:03,1,18-24岁,高活跃,0,0,1
706,23,M,student,55454,29,3.3103,1.1983,1997-12-01 17:22:25,1997-12-01 17:31:22,0,18-24岁,低活跃,0,1,0
707,56,F,librarian,19146,236,3.4958,1.0252,1997-11-13 16:35:10,1998-03-16 00:28:41,122,55岁及以上,高活跃,0,0,1
708,26,F,homemaker,96349,105,3.2,1.2664,1997-10-20 05:25:35,1998-04-16 09:36:25,178,25-34岁,中活跃,0,0,0
709,21,M,other,N4T1A,138,3.5725,1.0101,1997-11-18 09:42:49,1997-11-18 10:39:33,0,18-24岁,高活跃,0,0,1
710,19,M,student,92020,86,3.6977,0.8127,1997-12-14 01:33:43,1998-01-02 01:45:02,19,18-24岁,中活跃,0,0,0
711,22,F,student,15203,221,3.8597,1.0195,1997-10-07 00:51:28,1998-03-14 21:30:48,158,18-24岁,高活跃,0,0,1
712,22,F,student,54901,162,3.7654,0.9092,1997-09-20 04:28:02,1997-10-07 19:10:07,17,18-24岁,高活跃,0,0,1
713,42,F,other,07204,30,2.9667,0.8899,1998-03-02 23:38:59,1998-03-02 23:45:37,0,35-44岁,低活跃,0,1,0
714,26,M,engineer,55343,44,3.5227,1.0452,1998-04-17 01:16:26,1998-04-17 01:54:52,0,25-34岁,中活跃,0,0,0
715,21,M,technician,91206,167,3.3832,1.0627,1997-10-04 10:41:14,1997-10-04 11:39:31,0,18-24岁,高活跃,0,0,1
716,36,F,administrator,44265,269,3.8885,1.0414,1997-11-17 18:49:59,1997-11-17 20:12:35,0,35-44岁,高活跃,0,0,1
717,24,M,technician,84105,93,3.7097,1.1285,1998-01-12 21:46:39,1998-01-13 18:12:52,0,18-24岁,中活跃,0,0,0
718,42,M,technician,64118,39,3.6923,1.0552,1997-12-28 22:31:09,1997-12-30 02:45:53,1,35-44岁,低活跃,0,1,0
719,37,F,other,V0R2H,67,3.1045,1.2077,1997-10-20 01:27:39,1998-03-03 03:54:24,134,35-44岁,中活跃,0,0,0
720,49,F,administrator,16506,30,3.9667,0.7649,1998-03-30 12:56:48,1998-03-30 13:11:00,0,45-54岁,低活跃,0,1,0
721,24,F,entertainment,11238,168,3.5357,1.0201,1997-10-18 00:41:09,1997-10-18 06:09:49,0,18-24岁,高活跃,0,0,1
722,50,F,homemaker,17331,42,3.619,0.825,1998-03-30 17:45:45,1998-03-30 18:17:56,0,45-54岁,中活跃,0,0,0
723,26,M,executive,94403,22,3.2727,0.9351,1997-11-25 22:59:06,1997-11-25 23:07:34,0,25-34岁,低活跃,0,1,0
724,31,M,executive,40243,85,2.1647,1.317,1998-01-02 16:03:16,1998-01-02 16:24:28,0,25-34岁,中活跃,0,0,0
725,21,M,student,91711,25,3.8,0.9574,1997-10-06 02:08:20,1997-10-06 02:58:49,0,18-24岁,低活跃,0,1,0
726,25,F,administrator,80538,24,3.0,1.2854,1998-03-13 22:33:24,1998-03-16 22:39:58,3,25-34岁,低活跃,0,1,0
727,25,M,student,78741,322,3.0373,1.0315,1998-01-02 02:27:46,1998-01-02 04:02:40,0,25-34岁,高活跃,0,0,1
728,58,M,executive,94306,26,3.5769,0.7575,1997-11-13 17:35:32,1997-11-13 17:50:46,0,55岁及以上,低活跃,0,1,0
729,19,M,student,56567,21,2.8571,1.2364,1998-04-22 23:02:29,1998-04-22 23:10:38,0,18-24岁,低活跃,0,1,0
730,31,F,scientist,32114,38,3.2368,1.1725,1997-11-23 18:31:10,1997-11-23 18:42:49,0,25-34岁,低活跃,0,1,0
731,41,F,educator,70403,83,3.3855,1.4384,1998-01-30 16:50:40,1998-01-30 19:14:12,0,35-44岁,中活跃,0,0,0
732,28,F,other,98405,20,3.7,1.3803,1997-12-20 03:45:52,1997-12-20 03:56:41,0,25-34岁,低活跃,0,1,0
733,44,F,other,60630,107,3.028,1.0592,1997-11-14 19:16:51,1997-11-14 21:54:26,0,35-44岁,中活跃,0,0,0
734,25,F,other,63108,64,3.6094,1.0176,1998-03-27 18:05:37,1998-03-27 19:13:48,0,25-34岁,中活跃,0,0,0
735,29,F,healthcare,85719,53,3.3208,0.9761,1997-10-12 23:06:01,1997-10-12 23:28:17,0,25-34岁,中活跃,0,0,0
736,48,F,writer,94618,24,3.0,1.4142,1997-11-05 05:41:05,1997-11-05 05:56:05,0,45-54岁,低活跃,0,1,0
737,30,M,programmer,98072,33,3.9697,1.015,1998-01-09 02:57:24,1998-01-09 03:07:26,0,25-34岁,低活跃,0,1,0
738,35,M,technician,95403,148,3.6757,0.8348,1997-09-27 08:20:42,1998-04-19 03:56:10,203,35-44岁,高活跃,0,0,1
739,35,M,technician,73162,35,3.6,1.5378,1998-02-07 04:17:00,1998-02-08 17:31:55,1,35-44岁,低活跃,0,1,0
740,25,F,educator,22206,20,3.4,0.9947,1997-11-14 15:51:21,1997-11-14 15:59:47,0,25-34岁,低活跃,0,1,0
741,25,M,writer,63108,104,3.4615,1.0421,1998-03-27 17:01:10,1998-04-01 19:24:07,5,25-34岁,中活跃,0,0,0
742,35,M,student,29210,26,3.4615,1.1038,1997-12-01 19:46:30,1997-12-05 15:33:26,3,35-44岁,低活跃,0,1,0
743,31,M,programmer,92660,35,3.6857,1.1054,1997-12-04 23:14:27,1997-12-04 23:27:41,0,25-34岁,低活跃,0,1,0
744,35,M,marketing,47024,27,3.8519,0.864,1997-12-03 17:33:36,1997-12-03 18:05:57,0,35-44岁,低活跃,0,1,0
745,42,M,writer,55113,60,3.1,1.298,1997-11-21 14:27:55,1997-11-21 14:51:45,0,35-44岁,中活跃,0,0,0
746,25,M,engineer,19047,67,3.6418,1.0106,1998-01-17 22:12:45,1998-01-17 22:23:44,0,25-34岁,中活跃,0,0,0
747,19,M,other,93612,293,4.0546,1.1334,1998-02-28 03:54:51,1998-03-01 06:36:18,1,18-24岁,高活跃,0,0,1
748,28,M,administrator,94720,108,3.7222,0.7834,1997-11-13 20:48:01,1997-11-13 21:10:54,0,25-34岁,中活跃,0,0,0
749,33,M,other,80919,305,3.623,0.9557,1997-11-06 19:57:45,1997-12-22 15:30:05,45,25-34岁,高活跃,0,0,1
750,28,M,administrator,32303,33,3.0909,1.0417,1997-11-13 18:29:15,1997-11-13 18:37:51,0,25-34岁,低活跃,0,1,0
751,24,F,other,90034,168,3.5417,1.0714,1998-02-10 18:16:27,1998-04-20 22:59:05,69,18-24岁,高活跃,0,0,1
752,60,M,retired,21201,73,3.2055,1.2129,1998-03-29 21:43:11,1998-03-29 21:54:51,0,55岁及以上,中活跃,0,0,0
753,56,M,salesman,91206,57,3.5965,1.1931,1998-04-01 02:52:15,1998-04-01 03:46:19,0,55岁及以上,中活跃,0,0,0
754,59,F,librarian,62901,34,3.3824,0.8881,1997-11-13 19:55:47,1997-11-13 20:15:16,0,55岁及以上,低活跃,0,1,0
755,44,F,educator,97007,38,3.1053,1.269,1997-12-19 22:12:54,1997-12-19 22:22:21,0,35-44岁,低活跃,0,1,0
756,30,F,none,90247,109,3.1927,0.9858,1997-09-21 07:21:42,1997-09-24 19:28:38,3,25-34岁,中活跃,0,0,0
757,26,M,student,55104,166,3.3675,0.7651,1998-02-25 21:47:43,1998-02-26 05:01:26,0,25-34岁,高活跃,0,0,1
758,27,M,student,53706,357,3.8768,1.0258,1997-11-27 23:10:30,1998-03-08 03:38:40,100,25-34岁,高活跃,0,0,1
759,20,F,student,68503,32,4.0625,0.9483,1997-09-25 22:48:06,1997-12-07 06:43:11,72,18-24岁,低活跃,0,1,0
760,35,F,other,14211,41,3.2439,1.1996,1997-10-01 00:29:53,1997-11-03 04:08:37,33,35-44岁,低活跃,0,1,0
761,17,M,student,97302,66,2.8485,1.4277,1997-10-07 01:59:45,1997-10-07 02:19:58,0,18岁以下,中活跃,0,0,0
762,32,M,administrator,95050,21,3.0476,1.6875,1997-11-05 08:33:30,1997-11-05 08:46:34,0,25-34岁,低活跃,0,1,0
763,27,M,scientist,02113,129,3.7829,0.8835,1997-11-07 15:01:41,1997-11-07 17:26:49,0,25-34岁,高活跃,0,0,1
764,27,F,educator,62903,109,3.6881,0.8787,1997-10-07 14:01:40,1997-10-13 14:18:09,6,25-34岁,中活跃,0,0,0
765,31,M,student,33066,23,4.087,1.1246,1997-11-24 04:31:02,1997-11-24 04:50:34,0,25-34岁,低活跃,0,1,0
766,42,M,other,10960,175,3.3543,0.8375,1998-03-31 01:14:40,1998-03-31 02:22:14,0,35-44岁,高活跃,0,0,1
767,70,M,engineer,00000,37,4.4324,0.5548,1998-04-01 20:28:31,1998-04-01 20:38:15,0,55岁及以上,低活跃,0,1,0
768,29,M,administrator,12866,64,3.2656,1.158,1997-11-14 16:10:20,1998-03-02 00:30:11,107,25-34岁,中活跃,0,0,0
769,39,M,executive,06927,29,3.069,1.0327,1998-01-21 22:41:50,1998-01-21 23:19:36,0,35-44岁,低活跃,0,1,0
770,28,M,student,14216,64,4.2969,0.867,1997-10-04 13:26:08,1997-10-11 19:26:56,7,25-34岁,中活跃,0,0,0
771,26,M,student,15232,70,3.7143,1.3421,1997-11-27 19:33:55,1998-02-05 01:03:49,69,25-34岁,中活跃,0,0,0
772,50,M,writer,27105,33,4.0,0.8292,1997-10-07 18:54:02,1998-03-04 16:29:01,147,45-54岁,低活跃,0,1,0
773,20,M,student,55414,161,3.2795,1.2001,1998-02-27 00:09:03,1998-02-27 00:50:18,0,18-24岁,高活跃,0,0,1
774,30,M,student,80027,224,2.058,1.1409,1998-02-27 05:03:12,1998-02-27 06:03:57,0,25-34岁,高活跃,0,0,1
775,46,M,executive,90036,28,3.7857,0.7868,1998-03-27 21:05:41,1998-03-27 21:11:11,0,45-54岁,低活跃,0,1,0
776,30,M,librarian,51157,105,3.4667,1.1186,1998-04-03 18:36:39,1998-04-20 12:59:19,16,25-34岁,中活跃,0,0,0
777,63,M,programmer,01810,36,4.0556,1.2408,1997-10-04 15:32:17,1997-10-04 15:57:50,0,55岁及以上,低活跃,0,1,0
778,34,M,student,01960,65,2.9538,1.2302,1998-03-23 16:28:30,1998-04-03 04:35:01,10,25-34岁,中活跃,0,0,0
779,31,M,student,K7L5J,37,3.9189,0.7593,1997-09-29 02:47:34,1997-10-21 17:22:05,22,25-34岁,低活跃,0,1,0
780,49,M,programmer,94560,55,3.8727,1.0896,1998-03-31 16:48:21,1998-03-31 17:08:45,0,45-54岁,中活跃,0,0,0
781,20,M,student,48825,42,3.7857,1.279,1997-11-15 22:38:15,1997-11-15 22:53:07,0,18-24岁,中活跃,0,0,0
782,21,F,artist,33205,232,2.7888,0.8794,1998-04-02 06:14:57,1998-04-02 06:57:10,0,18-24岁,高活跃,0,0,1
783,30,M,marketing,77081,30,3.8667,0.8604,1998-01-09 06:11:14,1998-01-09 06:19:47,0,25-34岁,低活跃,0,1,0
784,47,M,administrator,91040,39,3.8462,0.6704,1998-03-31 23:29:48,1998-03-31 23:44:55,0,45-54岁,低活跃,0,1,0
785,32,M,engineer,23322,27,3.7037,0.8234,1997-11-13 16:28:57,1997-11-13 16:45:27,0,25-34岁,低活跃,0,1,0
786,36,F,engineer,01754,117,3.8718,0.8861,1997-12-23 01:46:11,1997-12-23 02:32:16,0,35-44岁,高活跃,0,0,1
787,18,F,student,98620,57,3.1404,1.0596,1998-03-04 02:36:47,1998-03-04 02:56:33,0,18-24岁,中活跃,0,0,0
788,51,M,administrator,05779,249,3.3414,0.9069,1997-11-30 05:22:06,1997-11-30 06:38:11,0,45-54岁,高活跃,0,0,1
789,29,M,other,55420,33,3.6667,1.0508,1997-11-24 00:39:02,1997-11-24 00:47:17,0,25-34岁,低活跃,0,1,0
790,27,M,technician,80913,231,3.0173,0.9911,1998-01-10 19:34:38,1998-04-11 14:32:54,90,25-34岁,高活跃,0,0,1
791,31,M,educator,20064,25,3.8,1.118,1997-11-13 19:05:07,1997-11-13 19:12:18,0,25-34岁,低活跃,0,1,0
792,40,M,programmer,12205,47,3.1277,0.85,1997-10-26 23:47:11,1997-10-27 00:07:02,0,35-44岁,中活跃,0,0,0
793,22,M,student,85281,55,3.5091,0.7667,1997-09-24 12:19:44,1997-09-24 12:41:04,0,18-24岁,中活跃,0,0,0
794,32,M,educator,57197,39,4.3077,0.731,1998-03-27 21:29:16,1998-03-27 22:07:43,0,25-34岁,低活跃,0,1,0
795,30,M,programmer,08610,159,3.1321,0.8867,1997-11-26 14:22:12,1998-01-02 20:51:57,37,25-34岁,高活跃,0,0,1
796,32,F,writer,33755,358,3.6006,1.0557,1998-04-15 03:24:52,1998-04-22 21:19:18,7,25-34岁,高活跃,0,0,1
797,44,F,other,62522,26,2.6538,1.231,1997-11-13 16:35:57,1997-11-13 16:48:55,0,35-44岁,低活跃,0,1,0
798,40,F,writer,64131,239,3.3264,0.9316,1997-09-26 15:16:21,1997-11-25 18:47:57,60,35-44岁,高活跃,0,0,1
799,49,F,administrator,19716,24,4.0,0.8341,1997-11-11 13:07:48,1997-11-11 13:14:37,0,45-54岁,低活跃,0,1,0
800,25,M,programmer,55337,28,3.75,0.6455,1998-02-16 16:19:30,1998-02-16 16:36:20,0,25-34岁,低活跃,0,1,0
801,22,M,writer,92154,26,4.0385,1.1482,1998-03-19 18:37:25,1998-03-19 18:45:50,0,18-24岁,低活跃,0,1,0
802,35,M,administrator,34105,75,3.4933,0.9639,1997-10-04 17:02:12,1997-10-04 17:31:43,0,35-44岁,中活跃,0,0,0
803,70,M,administrator,78212,33,3.0909,1.444,1997-11-20 19:36:32,1997-11-20 19:53:24,0,55岁及以上,低活跃,0,1,0
804,39,M,educator,61820,332,3.6657,0.8039,1997-11-13 17:03:20,1997-11-13 18:57:56,0,35-44岁,高活跃,0,0,1
805,27,F,other,20009,273,3.348,1.2126,1997-11-19 20:21:19,1998-01-26 20:14:16,67,25-34岁,高活跃,0,0,1
806,27,M,marketing,11217,140,3.6429,0.9676,1997-12-17 18:48:33,1997-12-17 20:30:14,0,25-34岁,高活跃,0,0,1
807,41,F,healthcare,93555,204,3.8922,0.8293,1998-04-14 04:10:50,1998-04-20 15:12:46,6,35-44岁,高活跃,0,0,1
808,45,M,salesman,90016,23,4.1304,1.0137,1998-01-04 21:30:54,1998-01-04 21:39:46,0,45-54岁,低活跃,0,1,0
809,50,F,marketing,30803,20,3.45,1.2763,1998-03-27 22:12:23,1998-03-27 22:20:05,0,45-54岁,低活跃,0,1,0
810,55,F,other,80526,26,4.4231,0.7027,1997-11-18 23:20:33,1998-04-06 14:42:19,138,55岁及以上,低活跃,0,1,0
811,40,F,educator,73013,21,4.1429,0.9103,1998-02-01 23:49:43,1998-02-02 00:02:51,0,35-44岁,低活跃,0,1,0
812,22,M,technician,76234,20,3.5,1.2354,1997-10-23 16:45:09,1997-10-23 16:53:30,0,18-24岁,低活跃,0,1,0
813,14,F,student,02136,29,2.7931,1.2923,1998-01-02 14:40:51,1998-01-02 14:51:48,0,18岁以下,低活跃,0,1,0
814,30,M,other,12345,35,2.9714,0.7065,1998-01-21 19:26:29,1998-01-21 19:42:29,0,25-34岁,低活跃,0,1,0
815,32,M,other,28806,183,3.7432,1.1361,1997-11-05 01:02:19,1998-02-20 12:37:35,107,25-34岁,高活跃,0,0,1
816,34,M,other,20755,25,3.84,0.8505,1998-04-04 17:25:24,1998-04-04 17:43:21,0,25-34岁,低活跃,0,1,0
817,19,M,student,60152,36,3.3611,0.8993,1997-09-21 04:19:01,1997-09-21 04:26:47,0,18-24岁,低活跃,0,1,0
818,28,M,librarian,27514,21,3.4762,1.2498,1998-04-06 13:42:53,1998-04-06 17:17:51,0,25-34岁,低活跃,0,1,0
819,59,M,administrator,40205,28,4.0714,1.0157,1997-11-19 15:15:08,1998-01-12 15:19:14,54,55岁及以上,低活跃,0,1,0
820,22,M,student,37725,21,3.0,1.3416,1998-02-20 06:07:08,1998-02-20 06:14:01,0,18-24岁,低活跃,0,1,0
821,37,M,engineer,77845,62,4.3387,0.8673,1997-09-20 21:49:54,1997-09-20 22:19:29,0,35-44岁,中活跃,0,0,0
822,29,F,librarian,53144,25,3.12,1.0132,1998-03-27 21:21:23,1998-03-27 23:09:15,0,25-34岁,低活跃,0,1,0
823,27,M,artist,50322,185,4.0054,0.9296,1997-11-02 02:24:59,1997-11-02 03:06:21,0,25-34岁,高活跃,0,0,1
824,31,M,other,15017,20,2.6,0.9403,1997-10-16 16:54:31,1997-10-16 16:58:41,0,25-34岁,低活跃,0,1,0
825,44,M,engineer,05452,145,3.6138,1.0749,1997-11-28 22:15:05,1998-04-19 01:27:24,141,35-44岁,高活跃,0,0,1
826,28,M,artist,77048,115,3.8261,0.8299,1998-01-25 00:55:59,1998-01-25 01:15:00,0,25-34岁,高活跃,0,0,1
827,23,F,engineer,80228,28,3.25,0.6455,1997-12-15 15:52:55,1998-04-09 21:29:36,115,18-24岁,低活跃,0,1,0
828,28,M,librarian,85282,104,3.1154,1.0821,1998-03-27 21:15:42,1998-04-21 19:17:26,24,25-34岁,中活跃,0,0,0
829,48,M,writer,80209,64,3.5469,0.8151,1997-12-02 18:21:33,1998-04-11 16:39:44,129,45-54岁,中活跃,0,0,0
830,46,M,programmer,53066,106,3.7453,1.1634,1998-04-01 20:22:45,1998-04-13 21:31:33,12,45-54岁,中活跃,0,0,0
831,21,M,other,33765,73,3.5205,1.168,1998-03-31 14:18:35,1998-03-31 14:36:44,0,18-24岁,中活跃,0,0,0
832,24,M,technician,77042,25,2.96,0.7895,1998-02-23 18:32:34,1998-02-23 18:55:57,0,18-24岁,低活跃,0,1,0
833,34,M,writer,90019,267,3.0562,1.2687,1997-09-23 17:24:47,1998-02-26 23:33:51,156,25-34岁,高活跃,0,0,1
834,26,M,other,64153,54,3.9259,0.9286,1998-03-25 21:06:47,1998-03-25 21:57:52,0,25-34岁,中活跃,0,0,0
835,44,F,executive,11577,102,4.1471,0.801,1998-03-27 20:57:04,1998-03-27 21:48:30,0,35-44岁,中活跃,0,0,0
836,44,M,artist,10018,50,3.86,1.2291,1998-01-25 18:37:15,1998-01-25 18:51:06,0,35-44岁,中活跃,0,0,0
837,36,F,artist,55409,46,3.0435,1.2988,1997-10-01 15:57:53,1997-10-01 16:14:43,0,35-44岁,中活跃,0,0,0
838,23,M,student,01375,93,4.1183,0.72,1998-02-09 21:44:19,1998-04-09 20:22:40,58,18-24岁,中活跃,0,0,0
839,38,F,entertainment,90814,57,3.193,1.125,1997-10-02 00:16:51,1997-10-02 00:44:12,0,35-44岁,中活跃,0,0,0
840,39,M,artist,55406,197,4.1371,0.8185,1998-03-29 20:19:16,1998-03-29 22:52:52,0,35-44岁,高活跃,0,0,1
841,45,M,doctor,47401,31,3.9032,1.0442,1998-03-05 02:59:39,1998-03-05 03:11:47,0,45-54岁,低活跃,0,1,0
842,40,M,writer,93055,27,3.7407,1.1959,1998-03-30 00:30:34,1998-03-30 00:40:59,0,35-44岁,低活跃,0,1,0
843,35,M,librarian,44212,204,2.7353,0.8176,1997-11-13 17:42:27,1997-11-13 19:29:37,0,35-44岁,高活跃,0,0,1
844,22,M,engineer,95662,81,3.5062,0.8385,1997-10-20 20:59:07,1997-10-20 22:56:23,0,18-24岁,中活跃,0,0,0
845,64,M,doctor,97405,31,3.129,1.0876,1998-01-21 19:02:54,1998-01-21 19:09:49,0,55岁及以上,低活跃,0,1,0
846,27,M,lawyer,47130,405,3.7407,1.0457,1998-01-04 20:38:04,1998-01-04 21:55:50,0,25-34岁,高活跃,0,0,1
847,29,M,student,55417,146,3.0342,1.1592,1997-11-06 00:05:22,1997-11-07 22:26:28,1,25-34岁,高活跃,0,0,1
848,46,M,engineer,02146,150,4.2867,1.0703,1998-02-09 15:17:51,1998-02-09 18:22:53,0,45-54岁,高活跃,0,0,1
849,15,F,student,25652,23,4.8696,0.3444,1997-11-16 15:44:16,1997-11-16 16:00:59,0,18岁以下,低活跃,0,1,0
850,34,M,technician,78390,51,4.5294,0.987,1997-12-27 03:46:07,1997-12-27 04:05:27,0,25-34岁,中活跃,0,0,0
851,18,M,other,29646,209,3.4593,1.1135,1997-09-20 04:02:48,1998-04-20 16:45:52,212,18-24岁,高活跃,0,0,1
852,46,M,administrator,94086,49,3.4694,0.8191,1998-03-27 21:48:45,1998-03-27 22:32:27,0,45-54岁,中活跃,0,0,0
853,49,M,writer,40515,41,2.9756,1.0837,1997-11-12 19:57:48,1997-11-12 20:09:20,0,45-54岁,低活跃,0,1,0
854,29,F,student,55408,217,3.212,1.0325,1997-12-22 17:29:02,1997-12-22 18:17:45,0,25-34岁,高活跃,0,0,1
855,53,M,librarian,04988,23,3.3478,0.6473,1997-11-18 03:56:22,1997-11-18 04:00:14,0,45-54岁,低活跃,0,1,0
856,43,F,marketing,97215,26,3.4231,1.1375,1998-04-02 03:53:37,1998-04-02 04:01:06,0,35-44岁,低活跃,0,1,0
857,35,F,administrator,V1G4L,22,3.2727,1.4535,1997-12-29 21:49:01,1997-12-29 21:58:31,0,35-44岁,低活跃,0,1,0
858,63,M,educator,09645,21,3.4286,1.0282,1997-11-13 22:03:28,1997-11-30 23:37:52,17,55岁及以上,低活跃,0,1,0
859,18,F,other,06492,39,3.8462,0.9043,1998-01-26 00:32:53,1998-01-26 00:59:44,0,18-24岁,低活跃,0,1,0
860,70,F,retired,48322,71,3.2394,0.8696,1997-09-22 22:24:23,1998-04-19 18:17:32,208,55岁及以上,中活跃,0,0,0
861,38,F,student,14085,43,4.0,1.0235,1997-12-04 22:28:24,1997-12-04 22:35:37,0,35-44岁,中活跃,0,0,0
862,25,M,executive,13820,165,4.3636,0.797,1997-11-12 02:41:01,1997-11-12 03:29:46,0,25-34岁,高活跃,0,0,1
863,17,M,student,60089,107,3.1215,1.3989,1998-03-07 16:41:50,1998-03-07 16:53:39,0,18岁以下,中活跃,0,0,0
864,27,M,programmer,63021,294,3.8231,0.9325,1997-10-18 22:34:02,1998-03-28 00:16:32,160,25-34岁,高活跃,0,0,1
865,25,M,artist,11231,66,2.2879,1.5268,1997-11-21 20:03:34,1997-11-22 21:47:43,1,25-34岁,中活跃,0,0,0
866,45,M,other,60302,20,2.7,1.0311,1998-03-30 01:21:21,1998-03-30 01:28:22,0,45-54岁,低活跃,0,1,0
867,24,M,scientist,92507,95,4.2632,0.9699,1997-11-21 02:02:01,1997-11-21 02:25:42,0,18-24岁,中活跃,0,0,0
868,21,M,programmer,55303,208,2.9519,1.3469,1997-10-17 15:42:54,1997-10-17 18:39:46,0,18-24岁,高活跃,0,0,1
869,30,M,student,10025,47,2.8723,1.2958,1998-01-11 03:40:11,1998-01-11 04:34:39,0,25-34岁,中活跃,0,0,0
870,22,M,student,65203,269,3.4535,0.9748,1997-09-23 21:32:12,1998-03-29 23:34:39,187,18-24岁,高活跃,0,0,1
871,31,M,executive,44648,115,3.4957,0.9212,1998-02-23 00:03:22,1998-02-23 00:25:41,0,25-34岁,高活跃,0,0,1
872,19,F,student,74078,71,3.3803,0.916,1998-02-26 07:38:18,1998-02-26 08:00:19,0,18-24岁,中活跃,0,0,0
873,48,F,administrator,33763,20,2.9,1.2524,1998-04-01 00:54:51,1998-04-01 01:07:51,0,45-54岁,低活跃,0,1,0
874,36,M,scientist,37076,34,3.8235,0.7576,1998-02-28 02:14:17,1998-02-28 02:35:11,0,35-44岁,低活跃,0,1,0
875,24,F,student,35802,89,4.191,0.796,1997-10-10 06:24:54,1997-10-10 06:58:07,0,18-24岁,中活跃,0,0,0
876,41,M,other,20902,21,4.1905,0.8136,1997-11-13 13:34:32,1997-11-13 13:41:21,0,35-44岁,低活跃,0,1,0
877,30,M,other,77504,81,3.8272,0.8774,1997-12-21 03:46:33,1997-12-21 04:29:07,0,25-34岁,中活跃,0,0,0
878,50,F,educator,98027,134,3.2687,1.1048,1997-11-30 04:46:23,1997-11-30 06:51:09,0,45-54岁,高活跃,0,0,1
879,33,F,administrator,55337,29,3.6897,0.8906,1998-02-18 00:13:22,1998-02-18 00:31:05,0,25-34岁,低活跃,0,1,0
880,13,M,student,83702,368,3.4266,0.9822,1997-11-22 02:40:51,1998-04-19 23:33:34,148,18岁以下,高活跃,0,0,1
881,39,M,marketing,43017,259,3.3205,1.1786,1997-10-11 02:05:44,1997-11-09 05:15:45,29,35-44岁,高活跃,0,0,1
882,35,M,engineer,40503,137,4.0511,1.0097,1997-11-18 13:46:02,1997-11-18 19:08:52,0,35-44岁,高活跃,0,0,1
883,49,M,librarian,50266,268,3.9254,0.9005,1998-04-04 12:02:33,1998-04-18 04:02:43,13,45-54岁,高活跃,0,0,1
884,44,M,engineer,55337,43,3.7209,1.2017,1997-10-14 19:35:04,1997-10-14 20:23:24,0,35-44岁,中活跃,0,0,0
885,30,F,other,95316,102,3.3137,1.0047,1998-01-25 07:10:24,1998-01-25 08:19:29,0,25-34岁,中活跃,0,0,0
886,20,M,student,61820,240,3.3625,1.1268,1997-10-05 05:58:29,1997-10-05 06:52:51,0,18-24岁,高活跃,0,0,1
887,14,F,student,27249,171,3.924,1.3634,1997-12-06 03:05:32,1997-12-06 04:15:40,0,18岁以下,高活跃,0,0,1
888,41,M,scientist,17036,20,4.3,0.5712,1997-11-12 20:03:01,1997-11-12 20:11:37,0,35-44岁,低活跃,0,1,0
889,24,M,technician,78704,326,3.4356,0.8667,1997-11-22 05:28:38,1997-11-22 07:16:01,0,18-24岁,高活跃,0,0,1
890,32,M,student,97301,119,3.8571,1.1221,1997-12-17 23:43:01,1997-12-25 00:38:46,7,25-34岁,高活跃,0,0,1
891,51,F,administrator,03062,47,4.1277,0.85,1997-12-29 21:10:53,1998-04-03 21:45:41,95,45-54岁,中活跃,0,0,0
892,36,M,other,45243,226,4.0,0.8994,1998-02-04 15:52:01,1998-02-04 16:55:54,0,35-44岁,高活跃,0,0,1
893,25,M,student,95823,59,3.4237,0.875,1997-09-21 07:38:28,1997-09-21 08:27:04,0,25-34岁,中活跃,0,0,0
894,47,M,educator,74075,245,3.6367,0.7205,1997-11-18 23:34:01,1998-03-20 16:03:24,121,45-54岁,高活跃,0,0,1
895,31,F,librarian,32301,20,3.75,0.9665,1997-11-13 16:15:12,1997-11-13 16:22:03,0,25-34岁,低活跃,0,1,0
896,28,M,writer,91505,362,2.9807,1.1493,1998-02-11 00:33:28,1998-02-11 22:23:08,0,25-34岁,高活跃,0,0,1
897,30,M,other,33484,185,3.9622,0.9911,1997-11-20 01:20:00,1997-11-23 02:43:57,3,25-34岁,高活跃,0,0,1
898,23,M,homemaker,61755,30,3.5,1.0422,1998-02-24 04:26:15,1998-02-24 04:35:42,0,18-24岁,低活跃,0,1,0
899,32,M,other,55116,135,3.5259,1.0354,1998-01-06 20:49:54,1998-01-06 21:40:45,0,25-34岁,高活跃,0,0,1
900,60,M,retired,18505,45,2.5556,1.0987,1997-10-26 02:15:13,1997-10-26 02:47:05,0,55岁及以上,中活跃,0,0,0
901,38,M,executive,L1V3W,124,3.8548,1.0721,1997-10-17 21:58:00,1997-10-19 19:30:41,1,35-44岁,高活跃,0,0,1
902,45,F,artist,97203,49,3.449,1.1192,1997-11-13 23:18:29,1997-11-14 00:05:52,0,45-54岁,中活跃,0,0,0
903,28,M,educator,20850,136,3.8529,1.0002,1998-03-27 20:38:25,1998-04-16 21:06:24,20,25-34岁,高活跃,0,0,1
904,17,F,student,61073,47,3.7447,0.8961,1997-11-17 02:51:49,1997-11-17 03:04:03,0,18岁以下,中活跃,0,0,0
905,27,M,other,30350,40,3.275,0.7841,1998-01-16 20:33:26,1998-01-16 20:59:42,0,25-34岁,低活跃,0,1,0
906,45,M,librarian,70124,41,3.8049,0.7148,1997-11-13 15:18:55,1997-11-13 15:42:38,0,45-54岁,低活跃,0,1,0
907,25,F,other,80526,147,4.5714,0.6825,1997-11-22 00:25:16,1998-01-27 00:53:48,66,25-34岁,高活跃,0,0,1
908,44,F,librarian,68504,74,3.5541,0.705,1997-11-16 23:14:36,1997-11-16 23:32:08,0,35-44岁,中活跃,0,0,0
909,50,F,educator,53171,26,4.3462,0.7971,1998-04-07 03:19:20,1998-04-07 03:46:03,0,45-54岁,低活跃,0,1,0
910,28,M,healthcare,29301,60,3.1667,1.0918,1997-11-29 16:30:33,1998-01-08 03:14:10,39,25-34岁,中活跃,0,0,0
911,37,F,writer,53210,98,3.8061,0.9488,1998-04-17 18:35:35,1998-04-17 19:52:51,0,35-44岁,中活跃,0,0,0
912,51,M,other,06512,53,3.8113,0.9619,1997-10-04 11:48:15,1997-10-04 12:11:12,0,45-54岁,中活跃,0,0,0
913,27,M,student,76201,132,3.5227,1.1288,1997-09-20 20:14:20,1998-03-08 04:24:09,168,25-34岁,高活跃,0,0,1
914,44,F,other,08105,23,3.087,1.2761,1998-02-10 14:46:09,1998-02-10 15:26:16,0,35-44岁,低活跃,0,1,0
915,50,M,entertainment,60614,26,3.1154,0.9519,1998-03-27 20:19:25,1998-03-27 20:44:37,0,45-54岁,低活跃,0,1,0
916,27,M,engineer,N2L5N,317,3.3659,0.8922,1997-11-29 22:37:42,1997-11-29 23:38:55,0,25-34岁,高活跃,0,0,1
917,22,F,student,20006,35,3.5429,1.1718,1997-12-23 20:53:29,1997-12-23 21:26:25,0,18-24岁,低活跃,0,1,0
918,40,M,scientist,70116,103,3.3495,1.1,1998-04-07 21:55:43,1998-04-07 22:40:24,0,35-44岁,中活跃,0,0,0
919,25,M,other,14216,217,3.47,0.9672,1997-09-26 15:36:04,1998-01-17 17:58:07,113,25-34岁,高活跃,0,0,1
920,30,F,artist,90008,26,3.2308,0.8152,1998-01-08 00:35:01,1998-01-08 00:42:43,0,25-34岁,低活跃,0,1,0
921,20,F,student,98801,110,3.2727,1.1326,1997-11-13 00:01:05,1998-01-13 06:45:54,61,18-24岁,中活跃,0,0,0
922,29,F,administrator,21114,127,3.3701,1.022,1998-04-01 15:37:44,1998-04-01 18:36:28,0,25-34岁,高活跃,0,0,1
923,21,M,student,E2E3R,74,4.1486,0.696,1997-11-24 15:54:57,1997-11-24 16:27:52,0,18-24岁,中活跃,0,0,0
924,29,M,other,11753,82,3.7561,0.8249,1998-01-09 09:09:54,1998-03-07 16:08:08,57,25-34岁,中活跃,0,0,0
925,18,F,salesman,49036,32,3.125,0.907,1998-01-12 19:27:04,1998-01-13 19:03:24,0,18-24岁,低活跃,0,1,0
926,49,M,entertainment,01701,20,3.3,0.9234,1998-02-24 20:20:22,1998-02-28 03:24:30,3,45-54岁,低活跃,0,1,0
927,23,M,programmer,55428,120,3.6917,1.1435,1997-11-10 15:34:19,1997-11-10 22:00:50,0,18-24岁,高活跃,0,0,1
928,21,M,student,55408,32,4.6875,0.6927,1997-12-01 00:22:18,1997-12-01 00:47:38,0,18-24岁,低活跃,0,1,0
929,44,M,scientist,53711,49,3.6939,1.0042,1997-11-01 16:36:02,1997-11-29 15:37:24,27,35-44岁,中活跃,0,0,0
930,28,F,scientist,07310,63,2.9683,1.1212,1997-11-14 18:59:35,1997-11-14 19:28:54,0,25-34岁,中活跃,0,0,0
931,60,M,educator,33556,61,3.7213,0.8969,1998-03-27 21:57:56,1998-03-27 22:26:17,0,55岁及以上,中活跃,0,0,0
932,58,M,educator,06437,241,3.9668,0.9784,1998-03-30 09:06:18,1998-03-30 17:48:58,0,55岁及以上,高活跃,0,0,1
933,28,M,student,48105,184,2.6467,1.1966,1997-09-21 14:53:25,1997-09-22 14:40:47,0,25-34岁,高活跃,0,0,1
934,61,M,engineer,22902,174,3.7011,0.9691,1998-03-29 16:19:27,1998-03-30 02:45:58,0,55岁及以上,高活跃,0,0,1
935,42,M,doctor,66221,39,3.9231,0.8701,1998-01-10 22:37:15,1998-01-10 22:56:39,0,35-44岁,低活跃,0,1,0
936,24,M,other,32789,142,3.7465,0.9634,1998-02-07 06:02:54,1998-02-07 06:43:15,0,18-24岁,高活跃,0,0,1
937,48,M,educator,98072,40,3.375,1.2129,1997-10-13 17:03:20,1997-10-13 22:05:36,0,45-54岁,低活跃,0,1,0
938,38,F,technician,55038,108,3.2685,1.2426,1998-03-31 13:04:31,1998-03-31 15:13:10,0,35-44岁,中活跃,0,0,0
939,26,F,student,33319,49,4.2653,0.9742,1997-11-23 04:50:36,1997-11-23 05:18:39,0,25-34岁,中活跃,0,0,0
940,32,M,administrator,02215,107,3.4579,1.012,1998-01-14 18:01:38,1998-03-09 21:56:22,54,25-34岁,中活跃,0,0,0
941,20,M,student,97229,22,4.0455,0.8985,1997-09-23 21:01:35,1997-09-23 21:12:24,0,18-24岁,低活跃,0,1,0
942,48,F,librarian,78209,79,4.2658,0.7631,1998-03-30 18:25:55,1998-03-30 18:45:17,0,45-54岁,中活跃,0,0,0
943,22,M,student,77841,168,3.4107,1.2589,1997-09-28 01:25:39,1998-02-28 19:13:04,153,18-24岁,高活跃,0,0,1
