用户编号,年龄,性别,职业,邮编,评分次数,平均评分,评分标准差,活跃度分组
1,24,M,technician,85711,272,3.610294117647059,1.2635847449382043,高活跃
2,53,F,other,94043,62,3.7096774193548385,1.0304717489496715,中活跃
3,23,M,writer,32067,54,2.7962962962962963,1.2190257419794979,中活跃
4,24,M,technician,43537,24,4.333333333333333,0.9168313422570847,低活跃
5,33,F,other,15213,175,2.874285714285714,1.36296306211973,高活跃
6,42,M,executive,98101,211,3.6350710900473935,1.0394606521187284,高活跃
7,57,M,administrator,91344,403,3.965260545905707,1.064480402109089,高活跃
8,36,M,administrator,05201,59,3.7966101694915255,1.242628762729949,中活跃
9,29,M,student,01002,22,4.2727272727272725,0.9351250581921515,低活跃
10,53,M,lawyer,90703,184,4.206521739130435,0.5827772864869103,高活跃
11,39,F,other,30329,181,3.4640883977900554,0.9339776781345096,高活跃
12,28,F,other,06405,51,4.392156862745098,0.7766191182954232,中活跃
13,47,M,educator,29206,636,3.09748427672956,1.4164144455780425,高活跃
14,45,M,scientist,55106,98,4.091836734693878,1.0363171776330202,中活跃
15,49,F,educator,97301,104,2.875,1.341550327625989,中活跃
16,21,M,entertainment,10309,140,4.328571428571428,1.0418775052128004,高活跃
17,30,M,programmer,06355,28,3.0357142857142856,1.1379690439434391,低活跃
18,35,F,other,37212,277,3.88086642599278,0.8492720498768546,高活跃
19,40,M,librarian,02138,20,3.55,0.8255779474818965,低活跃
20,42,F,homemaker,95660,48,3.1041666666666665,1.1529718000155968,中活跃
21,26,M,writer,30068,179,2.670391061452514,1.3272279818760262,高活跃
22,25,M,writer,40206,128,3.3515625,1.4932385338242642,高活跃
23,30,F,artist,48197,151,3.6357615894039736,0.9555692454141964,高活跃
24,21,F,artist,94533,68,4.323529411764706,0.8184655550441197,中活跃
25,39,M,engineer,55107,78,4.051282051282051,0.6220501482568643,中活跃
26,49,M,engineer,21044,107,2.94392523364486,0.8559643761425944,中活跃
27,40,F,librarian,30030,25,3.24,0.8793937305515279,低活跃
28,32,M,writer,55369,79,3.721518987341772,0.9599239935290751,中活跃
29,41,M,programmer,94043,34,3.6470588235294117,0.8835998319950068,低活跃
30,7,M,student,55436,43,3.7674418604651163,0.9961164901835046,中活跃
31,24,M,artist,10003,36,3.9166666666666665,0.9673232581274399,低活跃
32,28,F,student,78741,41,3.317073170731707,0.9066152544007823,低活跃
33,23,M,student,27510,24,3.7083333333333335,0.5500329370901874,低活跃
34,38,F,administrator,42141,20,4.05,1.3945382182304156,低活跃
35,20,F,homemaker,42459,25,3.0,0.9574271077563381,低活跃
36,19,F,student,93117,20,3.8,1.2814465510343749,低活跃
37,23,M,student,55105,57,3.6491228070175437,0.9908731371547203,中活跃
38,28,F,other,54467,121,3.71900826446281,1.5980359846588132,高活跃
39,41,M,entertainment,01040,22,3.772727272727273,0.9223065383316713,低活跃
40,38,M,scientist,27514,35,2.8857142857142857,0.9631879839558708,低活跃
41,33,M,engineer,80525,52,3.769230769230769,0.8072073527955749,中活跃
42,30,M,administrator,17870,183,3.726775956284153,1.0647674198245463,高活跃
43,29,F,librarian,20854,221,3.7104072398190047,1.01682675593422,高活跃
44,26,M,technician,46260,151,3.6490066225165565,1.0013236273166217,高活跃
45,29,M,programmer,50233,48,3.6041666666666665,0.9165054661613024,中活跃
46,27,F,marketing,46538,27,4.111111111111111,0.9336995618478525,低活跃
47,53,M,marketing,07102,25,3.64,0.9073771725877466,低活跃
48,45,M,administrator,12550,66,3.787878787878788,1.045358260489624,中活跃
49,23,F,student,76111,215,2.683720930232558,1.2539526725254468,高活跃
50,21,M,writer,52245,24,3.5416666666666665,1.3824731042801415,低活跃
51,28,M,educator,16509,23,3.5652173913043477,1.1994728750020205,低活跃
52,18,F,student,55105,56,4.267857142857143,0.7259118761585679,中活跃
53,26,M,programmer,55414,28,3.8214285714285716,0.9048663264720757,低活跃
54,22,M,executive,66315,65,3.6923076923076925,1.1445943184579215,中活跃
55,37,M,programmer,01331,21,3.2857142857142856,1.4880476182856899,低活跃
56,25,M,librarian,46260,187,3.641711229946524,0.9361171590769882,高活跃
57,16,M,none,84010,106,3.5,1.0258562045340236,中活跃
58,27,M,programmer,52246,154,3.8376623376623376,1.2338937742055667,高活跃
59,49,M,educator,08403,382,3.9345549738219896,1.0615739742214036,高活跃
60,50,M,healthcare,06472,208,4.086538461538462,0.6310879636288711,高活跃
61,36,M,engineer,30040,21,2.9523809523809526,1.2440333788202982,低活跃
62,27,F,administrator,97214,232,3.3017241379310347,1.114406468208317,高活跃
63,31,M,marketing,75240,93,3.118279569892473,0.9874149645895921,中活跃
64,32,M,educator,43202,200,3.585,0.9988812837847538,高活跃
65,51,F,educator,48118,80,3.9375,0.8907932746871455,中活跃
66,23,M,student,80521,38,3.473684210526316,1.032887375280686,低活跃
67,17,M,student,60402,30,3.7666666666666666,0.897634182970313,低活跃
68,19,M,student,22904,34,3.0294117647058822,1.604638996834001,低活跃
69,24,M,engineer,55337,65,3.8461538461538463,1.064054293004609,中活跃
70,27,M,engineer,60067,131,3.4656488549618323,0.8161608997068026,高活跃
71,39,M,scientist,98034,38,3.789473684210526,1.0438466993391293,低活跃
72,48,F,administrator,73034,137,3.8175182481751824,1.0517420989383575,高活跃
73,24,M,student,41850,66,3.727272727272727,1.1575232783232223,中活跃
74,39,M,scientist,T8H1N,39,3.641025641025641,0.7066294900210021,低活跃
75,24,M,entertainment,08816,79,3.278481012658228,1.3581351171476754,中活跃
76,20,M,student,02215,82,3.5609756097560976,1.1232400332241002,中活跃
77,30,M,technician,29379,72,3.611111111111111,1.2051013113340427,中活跃
78,26,M,administrator,61801,21,3.380952380952381,1.2835961388299075,低活跃
79,39,F,administrator,03755,55,4.0,1.0363754503432014,中活跃
80,34,F,administrator,52241,29,3.7586206896551726,1.0231314820474688,低活跃
81,21,M,student,21218,58,3.293103448275862,1.108319744377666,中活跃
82,50,M,programmer,22902,168,3.0714285714285716,1.1866090597731298,高活跃
83,40,M,other,44133,155,3.4193548387096775,1.121634751658949,高活跃
84,32,M,executive,55369,68,3.8529411764705883,0.7967228751402394,中活跃
85,51,M,educator,20003,288,3.5381944444444446,0.8127465824940687,高活跃
86,26,M,administrator,46005,23,3.5217391304347827,1.1626601636447695,低活跃
87,47,M,administrator,89503,211,3.7914691943127963,0.9279384332762883,高活跃
88,49,F,librarian,11701,21,3.9523809523809526,1.1608699529314417,低活跃
89,43,F,administrator,68106,76,4.0394736842105265,1.1482251750556502,中活跃
90,60,M,educator,78155,300,4.223333333333334,0.9253701540259962,高活跃
91,55,M,marketing,01913,98,3.8877551020408165,1.0342849819768114,中活跃
92,32,M,entertainment,80525,388,3.2448453608247423,0.9747983170741887,高活跃
93,48,M,executive,23112,20,3.35,1.2258187382102494,低活跃
94,26,M,student,71457,400,3.6575,1.0162557203888485,高活跃
95,31,M,administrator,10707,278,3.41726618705036,1.1266337872714054,高活跃
96,25,F,artist,75206,56,4.267857142857143,0.9437078020152295,中活跃
97,43,M,artist,98006,63,4.158730158730159,1.1388498613322242,中活跃
98,49,F,executive,90291,27,3.5925925925925926,1.3085299814107096,低活跃
99,20,M,student,63129,136,3.551470588235294,1.0942262812983865,高活跃
100,36,M,executive,90254,59,3.0677966101694913,1.0482235675534672,中活跃
101,15,M,student,05146,67,2.8955223880597014,0.8727235036855142,中活跃
102,38,M,programmer,30220,216,2.615740740740741,0.7443007690427226,高活跃
103,26,M,student,55108,29,3.6206896551724137,0.9416472308615167,低活跃
104,27,M,student,55108,111,2.6666666666666665,1.1547005383792517,中活跃
105,24,M,engineer,94043,23,3.391304347826087,1.0761518325953912,低活跃
106,61,M,retired,55125,64,3.765625,0.7069313857277693,中活跃
107,39,M,scientist,60466,22,3.0,1.2724180205607034,低活跃
108,44,M,educator,63130,33,3.5757575757575757,0.9692233691951199,低活跃
109,29,M,other,55423,234,3.4401709401709404,1.13784374264273,高活跃
110,19,M,student,77840,133,3.045112781954887,0.8604496855867245,高活跃
111,57,M,engineer,90630,24,3.5416666666666665,0.9315329426211431,低活跃
112,30,M,salesman,60613,46,3.6956521739130435,1.072267902208343,中活跃
113,47,M,executive,95032,51,3.7254901960784315,1.114960651728105,中活跃
114,27,M,programmer,75013,48,3.6041666666666665,0.9165054661613024,中活跃
115,31,M,engineer,17110,92,3.9347826086956523,1.1748682210516532,中活跃
116,40,M,healthcare,97232,143,3.006993006993007,0.9822115280662541,高活跃
117,20,M,student,16125,86,3.9186046511627906,1.0314480543969673,中活跃
118,21,M,administrator,90210,71,4.661971830985915,0.7548635065234545,中活跃
119,32,M,programmer,67401,181,3.9502762430939224,1.0125668323288466,高活跃
120,47,F,other,06260,26,3.576923076923077,0.986836437230686,低活跃
121,54,M,librarian,99603,74,3.608108108108108,1.332600378573582,中活跃
122,32,F,writer,22206,61,3.9836065573770494,0.9745392634246627,中活跃
123,48,F,artist,20008,54,3.8518518518518516,1.1058576012497219,中活跃
124,34,M,student,60615,24,3.5,1.0215078369104982,低活跃
125,30,M,lawyer,22202,182,3.4395604395604398,1.2977565955947792,高活跃
126,28,F,lawyer,20015,45,3.533333333333333,1.1793680896603447,中活跃
127,33,M,none,73439,23,4.130434782608695,1.5167053955587406,低活跃
128,24,F,marketing,20009,184,3.6630434782608696,1.0165534174642903,高活跃
129,36,F,marketing,07039,30,2.6,1.1626367179523596,低活跃
130,20,M,none,60115,353,3.9858356940509916,0.9812578582057297,高活跃
131,59,F,administrator,15237,30,4.133333333333334,1.0416609195243756,低活跃
132,24,M,other,94612,22,3.772727272727273,0.6853444168423419,低活跃
133,53,M,engineer,78602,26,3.1923076923076925,1.0961470984947512,低活跃
134,31,M,programmer,80236,25,3.64,1.0754843869934452,低活跃
135,23,M,student,38401,55,3.381818181818182,0.7815205760403309,中活跃
136,51,M,other,97365,35,4.3428571428571425,0.72529333387814,低活跃
137,50,M,educator,84408,47,4.319148936170213,1.1054486199045361,中活跃
138,46,M,doctor,53211,51,4.2745098039215685,0.6656855525711526,中活跃
139,20,M,student,08904,24,4.0,0.8340576562282992,低活跃
140,30,F,student,32250,21,3.4285714285714284,0.8106434833777776,低活跃
141,49,M,programmer,36117,107,3.4299065420560746,1.339615190682661,中活跃
142,13,M,other,48118,33,3.6363636363636362,1.1942095141290592,低活跃
143,42,M,technician,08832,20,3.9,1.0208355710680805,低活跃
144,53,M,programmer,20910,206,3.674757281553398,0.9505036864071329,高活跃
145,31,M,entertainment,V3N4P,316,3.3354430379746836,1.3074184401703257,高活跃
146,45,M,artist,83814,29,3.6206896551724137,1.207529742415372,低活跃
147,40,F,librarian,02143,20,4.2,0.8335087534664909,低活跃
148,33,M,engineer,97006,65,4.0,1.2747548783981961,中活跃
149,35,F,marketing,17325,36,2.888888888888889,1.1155467020454342,低活跃
150,20,F,artist,02139,32,3.84375,1.0194677612014182,低活跃
151,38,F,administrator,48103,307,3.996742671009772,1.0400426440965043,高活跃
152,33,F,educator,68767,106,4.320754716981132,0.9908838749061198,中活跃
153,25,M,student,60641,23,2.9565217391304346,1.4917427535227872,低活跃
154,25,M,student,53703,51,3.9607843137254903,0.8935498713272918,中活跃
155,32,F,other,11217,22,2.6363636363636362,0.8477114595277798,低活跃
156,25,M,educator,08360,37,3.72972972972973,0.8044545649986374,低活跃
157,57,M,engineer,70808,51,3.784313725490196,1.2379616389888028,中活跃
158,50,M,educator,27606,173,3.8034682080924855,1.0038238491908473,高活跃
159,23,F,student,55346,107,3.4299065420560746,1.3396151906826608,中活跃
160,27,M,programmer,66215,120,3.9166666666666665,1.0090625763118786,高活跃
161,50,M,lawyer,55104,58,2.5517241379310347,1.1265910977423892,中活跃
162,25,M,artist,15610,42,3.5952380952380953,0.7344991261521245,中活跃
163,49,M,administrator,97212,23,3.3043478260869565,0.8756702684071968,低活跃
164,47,M,healthcare,80123,63,4.126984126984127,0.9586964182287471,中活跃
165,20,F,other,53715,30,4.0,0.8709883407113853,低活跃
166,47,M,educator,55113,20,3.55,1.4317821063276353,低活跃
167,37,M,other,L9G2B,69,3.3768115942028984,1.456238600312486,中活跃
168,48,M,other,80127,69,3.3333333333333335,1.4002800840280096,中活跃
169,52,F,other,53705,37,3.972972972972973,0.9856325235459062,低活跃
170,53,F,healthcare,30067,22,3.772727272727273,0.9223065383316712,低活跃
171,48,F,educator,78750,28,3.4642857142857144,0.7444681351359533,低活跃
172,55,M,marketing,22207,27,3.185185185185185,0.878680699731007,低活跃
173,56,M,other,22306,43,4.209302325581396,0.8326131993647277,中活跃
174,30,F,administrator,52302,177,3.5819209039548023,1.5758514056849329,高活跃
175,26,F,scientist,21911,38,3.736842105263158,1.1314714296070714,低活跃
176,28,M,scientist,07030,63,3.6984126984126986,1.0416321038812837,中活跃
177,20,M,programmer,19104,115,3.617391304347826,0.9874884738003954,高活跃
178,26,M,other,49512,273,3.681318681318681,0.9457232006953985,高活跃
179,15,M,entertainment,20755,42,3.0476190476190474,1.5919367090063592,中活跃
180,22,F,administrator,60202,63,3.9365079365079363,1.305979003351149,中活跃
181,26,M,executive,21218,435,1.4919540229885058,0.8461376589972871,高活跃
182,36,M,programmer,33884,28,3.857142857142857,0.9315175080076961,低活跃
183,33,M,scientist,27708,53,3.188679245283019,1.0010879422981802,中活跃
184,37,M,librarian,76013,251,3.6613545816733066,0.8347817425943886,高活跃
185,53,F,librarian,97403,48,4.041666666666667,0.7133479152748331,中活跃
186,39,F,executive,00000,92,3.4130434782608696,1.2238668130604922,中活跃
187,26,M,educator,16801,56,4.071428571428571,0.9116846116771036,中活跃
188,42,M,student,29440,112,3.767857142857143,0.9770533274254813,高活跃
189,32,M,artist,95014,187,3.978609625668449,1.0724167223418617,高活跃
190,30,M,administrator,95938,59,3.3220338983050848,0.9903095643857286,中活跃
191,33,M,administrator,95161,27,3.6296296296296298,0.7916947813271392,低活跃
192,42,M,educator,90840,35,3.5142857142857142,1.094677727795305,低活跃
193,29,M,student,49931,121,3.165289256198347,1.1131569778338881,高活跃
194,38,M,administrator,02154,305,2.963934426229508,1.0237368318806812,高活跃
195,42,M,scientist,93555,96,3.2916666666666665,1.0251230135854215,中活跃
196,49,M,writer,55105,39,3.6153846153846154,1.0160652852881116,低活跃
197,55,M,technician,75094,118,3.3389830508474576,1.2280227940133093,高活跃
198,21,F,student,55414,181,3.276243093922652,0.9723620876329611,高活跃
199,30,M,writer,17604,40,2.95,1.5681117176318653,低活跃
200,40,M,programmer,93402,216,4.032407407407407,0.8593484501810636,高活跃
201,27,M,writer,E2A4H,386,3.0310880829015545,1.0539067000835458,高活跃
202,41,F,educator,60201,20,2.8,1.2814465510343749,低活跃
203,25,F,student,32301,43,3.4186046511627906,1.0518138106902781,中活跃
204,52,F,librarian,10960,42,3.4523809523809526,1.3471266794032573,中活跃
205,47,M,lawyer,06371,22,2.8636363636363638,1.0371873387954442,低活跃
206,14,F,student,53115,64,2.171875,1.4644429841985156,中活跃
207,39,M,marketing,92037,230,3.2304347826086954,0.8274413567044417,高活跃
208,43,M,engineer,01720,33,3.787878787878788,1.0234004518508308,低活跃
209,33,F,educator,85710,33,3.1818181818181817,1.2362884335417408,低活跃
210,39,M,engineer,03060,132,4.0606060606060606,0.8173460660691491,高活跃
211,66,M,salesman,32605,37,3.189189189189189,1.1263963639717454,低活跃
212,49,F,educator,61401,25,3.92,1.2884098726725126,低活跃
213,33,M,executive,55345,126,4.23015873015873,0.868678982480395,高活跃
214,26,F,librarian,11231,128,3.8984375,0.830897851819031,高活跃
215,35,M,programmer,63033,93,3.774193548387097,0.8862357162406244,中活跃
216,22,M,engineer,02215,131,3.801526717557252,1.0032243964663623,高活跃
217,22,M,other,11727,76,2.960526315789474,1.3802491511673702,中活跃
218,37,M,administrator,06513,53,3.6037735849056602,0.8166446982225368,中活跃
219,32,M,programmer,43212,28,3.7142857142857144,1.5836465855538944,低活跃
220,30,M,librarian,78205,22,3.772727272727273,0.9223065383316713,低活跃
221,19,M,student,20685,146,3.6164383561643834,0.8964318076847803,高活跃
222,29,M,programmer,27502,387,3.049095607235142,1.1915801146343672,高活跃
223,19,F,student,47906,105,3.0285714285714285,1.2968685869694476,中活跃
224,31,F,educator,43512,141,2.99290780141844,1.0986774770520962,高活跃
225,51,F,administrator,58202,27,4.518518518518518,0.8489980687832692,低活跃
226,28,M,student,92103,50,3.8,0.9258200997725513,中活跃
227,46,M,executive,60659,58,3.4482758620689653,1.0624766464818975,中活跃
228,21,F,student,22003,21,3.142857142857143,1.4928400545843579,低活跃
229,29,F,librarian,22903,30,2.7333333333333334,1.4605934866804429,低活跃
230,28,F,student,14476,133,3.8496240601503757,1.1381553430315516,高活跃
231,48,M,librarian,01080,21,3.6666666666666665,0.912870929175277,低活跃
232,45,M,scientist,99709,93,3.903225806451613,0.8976359789085642,中活跃
233,38,M,engineer,98682,110,4.345454545454546,0.7948961461952309,中活跃
234,60,M,retired,94702,480,3.122916666666667,0.9203656311053624,高活跃
235,37,M,educator,22973,94,3.978723404255319,0.8292855249019739,中活跃
236,44,F,writer,53214,124,3.475806451612903,1.171918791252778,高活跃
237,49,M,administrator,63146,48,4.145833333333333,0.6838434352771336,中活跃
238,42,F,administrator,44124,29,3.2758620689655173,0.8407714027749386,低活跃
239,39,M,artist,95628,159,4.213836477987422,1.254686303394899,高活跃
240,23,F,educator,20784,24,3.75,1.326977605394074,低活跃
241,26,F,student,20001,23,3.4347826086956523,1.036869719024164,低活跃
242,33,M,educator,31404,20,4.45,0.7591546545162482,低活跃
243,33,M,educator,60201,81,3.6419753086419755,0.8262663307812536,中活跃
244,28,M,technician,80525,238,3.6512605042016806,1.0714055239871245,高活跃
245,22,M,student,55109,22,3.272727272727273,1.1204513623586057,低活跃
246,19,M,student,28734,195,2.928205128205128,1.321891162828967,高活跃
247,28,M,engineer,20770,26,3.923076923076923,0.8909804452658621,低活跃
248,25,M,student,37235,56,3.5714285714285716,1.1886913026463235,中活跃
249,25,M,student,84103,161,4.105590062111801,0.8631518150943213,高活跃
250,29,M,executive,95110,122,3.7868852459016393,1.0619606706754772,高活跃
251,28,M,doctor,85032,77,3.792207792207792,0.9224917962502479,中活跃
252,42,M,engineer,07733,21,4.428571428571429,0.6761234037828132,低活跃
253,26,F,librarian,22903,97,3.979381443298969,0.957202754593854,中活跃
254,44,M,educator,42647,159,3.050314465408805,1.0360510601412496,高活跃
255,23,M,entertainment,07029,83,2.5421686746987953,1.3187318818015772,中活跃
256,35,F,none,39042,207,3.9903381642512077,0.9450450144117871,高活跃
257,17,M,student,77005,57,4.035087719298246,0.9629736734404264,中活跃
258,19,F,student,77801,23,3.739130434782609,1.388831795049606,低活跃
259,21,M,student,48823,46,3.869565217391304,0.7777087616032085,中活跃
260,40,F,artist,89801,24,4.041666666666667,1.1220775245117838,低活跃
261,28,M,administrator,85202,27,4.111111111111111,0.8915558282417289,低活跃
262,19,F,student,78264,160,3.16875,0.8258548077731415,高活跃
263,41,M,programmer,55346,123,4.048780487804878,0.9987997595194712,高活跃
264,36,F,writer,90064,120,4.216666666666667,1.0057259039308546,高活跃
265,26,M,executive,84601,46,3.5652173913043477,1.1284635358268433,中活跃
266,62,F,administrator,78756,23,3.260869565217391,1.09616651457157,低活跃
267,23,M,engineer,83716,185,3.9351351351351354,0.8883962762167396,高活跃
268,24,M,engineer,19422,328,2.942073170731707,1.0975360090975406,高活跃
269,31,F,librarian,43201,323,3.0092879256965945,1.4064758569189848,高活跃
270,18,F,student,63119,138,4.333333333333333,0.9914476132553265,高活跃
271,51,M,engineer,22932,278,3.58273381294964,1.0046770091863235,高活跃
272,33,M,scientist,53706,51,4.333333333333333,0.8869423130433383,中活跃
273,50,F,other,10016,22,3.6363636363636362,0.7267314002700916,低活跃
274,20,F,student,55414,71,4.056338028169014,0.9839762474436049,中活跃
275,38,M,engineer,92064,95,3.1157894736842104,0.5989913133802852,中活跃
276,21,M,student,95064,518,3.465250965250965,1.0171398795512512,高活跃
277,35,F,administrator,55406,54,3.5,0.8411582311380665,中活跃
278,37,F,librarian,30033,23,4.260869565217392,0.9153931745603201,低活跃
279,33,M,programmer,85251,434,3.2672811059907834,1.199495074395474,高活跃
280,30,F,librarian,22903,258,3.5775193798449614,0.9999019648503931,高活跃
281,15,F,student,06059,26,3.1923076923076925,1.233506571339797,低活跃
282,22,M,administrator,20057,22,3.5,1.0118347314702751,低活跃
283,28,M,programmer,55305,53,4.132075471698113,0.8329220078239989,中活跃
284,40,M,executive,92629,47,3.5531914893617023,0.8024015756599975,中活跃
285,25,M,programmer,53713,32,3.9375,0.8400268812903089,低活跃
286,27,M,student,15217,288,3.7118055555555554,1.1553237793927522,高活跃
287,21,M,salesman,31211,62,4.112903225806452,1.0259715700799774,中活跃
288,34,M,marketing,23226,75,3.88,1.207633379125626,中活跃
289,11,M,none,94619,27,2.925925925925926,1.0715167512214396,低活跃
290,40,M,engineer,93550,150,3.3533333333333335,0.9132629506348308,高活跃
291,19,M,student,44106,296,3.685810810810811,1.0313400948303932,高活跃
292,35,F,programmer,94703,124,4.225806451612903,0.8048502327724151,高活跃
293,24,M,writer,60804,388,3.0309278350515463,1.0437817175293551,高活跃
294,34,M,technician,92110,150,3.466666666666667,0.9530358885801209,高活跃
295,31,M,educator,50325,196,4.239795918367347,0.7900976630211356,高活跃
296,43,F,administrator,16803,147,4.1768707482993195,1.186110717371909,高活跃
297,29,F,educator,98103,192,3.4375,1.0665057688422612,高活跃
298,44,M,executive,01581,127,4.031496062992126,0.8158840552744269,高活跃
299,29,M,doctor,63108,280,3.4642857142857144,0.9072445524396319,高活跃
300,26,F,programmer,55106,20,3.75,1.019545822516343,低活跃
301,24,M,student,55439,275,3.5272727272727273,0.9713889794701017,高活跃
302,42,M,educator,77904,21,2.4285714285714284,0.8701395618766321,低活跃
303,19,M,student,14853,484,3.365702479338843,1.2312953851033734,高活跃
304,22,F,student,71701,26,3.3846153846153846,1.061203960675725,低活跃
305,23,M,programmer,94086,222,3.40990990990991,1.079840356472641,高活跃
306,45,M,other,73132,32,3.78125,1.0075321174741456,低活跃
307,25,M,student,55454,112,3.794642857142857,1.032258023972993,高活跃
308,60,M,retired,95076,397,3.7581863979848866,0.7667093107483797,高活跃
309,40,M,scientist,70802,20,3.5,1.0513149660756937,低活跃
310,37,M,educator,91711,21,3.857142857142857,1.424279266355945,低活跃
311,32,M,technician,73071,294,3.795918367346939,0.8699674428822843,高活跃
312,48,M,other,02110,223,4.381165919282512,0.916812183849503,高活跃
313,41,M,marketing,60035,262,3.595419847328244,0.9963813911814575,高活跃
314,20,F,student,08043,245,3.6775510204081634,1.1479249465174408,高活跃
315,31,M,educator,18301,87,4.011494252873563,0.9337876467123739,中活跃
316,43,F,other,77009,75,3.36,1.4392190074312354,中活跃
317,22,M,administrator,13210,22,3.5454545454545454,0.857864054457777,低活跃
318,65,M,retired,06518,174,3.706896551724138,1.031446944096084,高活跃
319,38,M,programmer,22030,23,3.4782608695652173,0.7902568752334618,低活跃
320,19,M,student,24060,154,3.720779220779221,0.8440236130788538,高活跃
321,49,F,educator,55413,125,3.736,0.7420981588842238,高活跃
322,20,M,student,50613,51,4.176470588235294,0.8415671655415552,中活跃
323,21,M,student,19149,89,3.6179775280898876,0.959469763339107,中活跃
324,21,F,student,02176,66,4.348484848484849,0.8132068379602827,中活跃
325,48,M,technician,02139,142,3.408450704225352,1.1182238295679827,高活跃
326,41,M,administrator,15235,187,3.3262032085561497,1.2117294231978575,高活跃
327,22,M,student,11101,284,3.313380281690141,0.919189139765488,高活跃
328,51,M,administrator,06779,283,3.431095406360424,0.9058641899212375,高活跃
329,48,M,educator,01720,65,3.4,0.8253787009609588,中活跃
330,35,F,educator,33884,147,4.496598639455782,0.7344194395226895,高活跃
331,33,M,entertainment,91344,70,3.642857142857143,1.0637057766582199,中活跃
332,20,M,student,40504,183,4.1530054644808745,0.9130189236346805,高活跃
333,47,M,other,V0R2M,26,3.8461538461538463,0.9671528397231822,低活跃
334,32,M,librarian,30002,333,3.5195195195195197,0.9103208806747982,高活跃
335,45,M,executive,33775,22,3.5454545454545454,1.2238608980744088,低活跃
336,23,M,salesman,42101,130,2.9615384615384617,1.2843955906935232,高活跃
337,37,M,scientist,10522,34,3.9411764705882355,1.1265709965815207,低活跃
338,39,F,librarian,59717,75,4.0,0.9444002816030349,中活跃
339,35,M,lawyer,37901,254,4.003937007874016,0.9175411009353406,高活跃
340,46,M,engineer,80123,44,4.159090909090909,1.1801297094295289,中活跃
341,17,F,student,44405,21,3.8095238095238093,1.123345344008138,低活跃
342,25,F,other,98006,201,3.4378109452736316,1.2873861829612752,高活跃
343,43,M,engineer,30093,237,3.9873417721518987,1.09110817814993,高活跃
344,30,F,librarian,94117,190,3.668421052631579,1.0238182665593951,高活跃
345,28,F,librarian,94143,232,3.646551724137931,0.9188201576813154,高活跃
346,34,M,other,76059,193,3.290155440414508,1.1496179060362195,高活跃
347,18,M,student,90210,199,3.5728643216080402,1.3155892548812518,高活跃
348,24,F,student,45660,58,3.896551724137931,0.6930647718499557,中活跃
349,68,M,retired,61455,41,3.1951219512195124,1.1004433696270324,低活跃
350,32,M,student,97301,50,4.32,0.8191583535332256,中活跃
351,61,M,educator,49938,44,4.159090909090909,0.9386576714124697,中活跃
352,37,F,programmer,55105,42,3.738095238095238,1.1906039420420373,中活跃
353,25,M,scientist,28480,25,3.36,1.3503086067019394,低活跃
354,29,F,librarian,48197,233,3.742489270386266,0.8673914426342175,高活跃
355,25,M,student,60135,26,4.076923076923077,0.48357641986159117,低活跃
356,32,F,homemaker,92688,24,3.5833333333333335,1.1389036172018079,低活跃
357,26,M,executive,98133,76,4.131578947368421,0.8995125385549355,中活跃
358,40,M,educator,10022,43,3.697674418604651,1.2058366729989012,中活跃
359,22,M,student,61801,27,3.925925925925926,0.7808243142260682,低活跃
360,51,M,other,98027,102,3.9607843137254903,0.8550556536510437,中活跃
361,22,M,student,44074,121,3.7768595041322315,0.9616617848442103,高活跃
362,35,F,homemaker,85233,25,3.36,1.5242484486898233,低活跃
363,20,M,student,87501,311,3.054662379421222,1.2802100880385263,高活跃
364,63,M,engineer,01810,20,3.45,1.0990426455975697,低活跃
365,29,M,lawyer,20009,58,3.3793103448275863,1.1821417703280197,中活跃
366,20,F,student,50670,33,4.393939393939394,1.0879853497231116,低活跃
367,17,M,student,37411,58,4.155172413793103,0.7446116175430225,中活跃
368,18,M,student,92113,45,3.2888888888888888,1.1000459127241053,中活跃
369,24,M,student,91335,22,4.0,1.023532631438318,低活跃
370,52,M,writer,08534,75,3.6933333333333334,0.944018628614484,中活跃
371,36,M,engineer,99206,51,4.098039215686274,0.9435020288432732,中活跃
372,25,F,student,66046,66,4.303030303030303,0.7009816626526627,中活跃
373,24,F,other,55116,233,3.7339055793991416,0.9502770601494711,高活跃
374,36,M,executive,78746,274,3.31021897810219,1.3045867054433242,高活跃
375,17,M,entertainment,37777,28,3.6785714285714284,0.8629652337776967,低活跃
376,28,F,other,10010,30,3.7333333333333334,0.6914918072835209,低活跃
377,22,M,student,18015,33,3.909090909090909,0.9474847084398105,低活跃
378,35,M,student,02859,375,3.424,0.8037079843227706,高活跃
379,44,M,programmer,98117,196,3.989795918367347,0.9445649977953754,高活跃
380,32,M,engineer,55117,162,3.197530864197531,0.9180015167502561,高活跃
381,33,M,artist,94608,127,3.811023622047244,1.1107861041977614,高活跃
382,45,M,engineer,01824,53,3.4716981132075473,1.0488780376578521,中活跃
383,42,M,administrator,75204,71,4.380281690140845,0.8513216142831536,中活跃
384,52,M,programmer,45218,22,4.136363636363637,0.5602256811793027,低活跃
385,36,M,writer,10003,281,3.295373665480427,1.2166757781599664,高活跃
386,36,M,salesman,43221,23,3.652173913043478,0.8316847989130756,低活跃
387,33,M,entertainment,37412,304,3.361842105263158,1.2053201215648146,高活跃
388,31,M,other,36106,52,4.173076923076923,0.8568330618782177,中活跃
389,44,F,writer,83702,271,3.7047970479704797,1.0334834368355765,高活跃
390,42,F,writer,85016,31,3.838709677419355,1.1859391269804813,低活跃
391,23,M,student,84604,121,3.768595041322314,1.0145633755341292,高活跃
392,52,M,writer,59801,111,4.045045045045045,1.1232047282614426,中活跃
393,19,M,student,83686,448,3.3370535714285716,0.8166402918367415,高活跃
394,25,M,administrator,96819,149,3.859060402684564,0.9373635700959791,高活跃
395,43,M,other,44092,57,3.8947368421052633,1.0968169942141635,中活跃
396,57,M,engineer,94551,54,3.4074074074074074,0.7895190443893858,中活跃
397,17,M,student,27514,102,3.7058823529411766,1.3319250959681088,中活跃
398,40,M,other,60008,172,3.7093023255813953,0.9411487204011325,高活跃
399,25,M,other,92374,319,2.93730407523511,0.7945294115788563,高活跃
400,33,F,administrator,78213,22,3.590909090909091,0.7963662060880874,低活跃
401,46,F,healthcare,84107,153,3.1176470588235294,1.111786000746145,高活跃
402,30,M,engineer,95129,68,3.8970588235294117,0.9946079386934471,中活跃
403,37,M,other,06811,50,3.68,1.2361890087305105,中活跃
404,29,F,programmer,55108,44,3.25,1.1023231282476873,中活跃
405,22,F,healthcare,10019,737,1.8344640434192674,1.3451829383515077,高活跃
406,52,M,educator,93109,342,3.5321637426900585,1.0737417772419717,高活跃
407,29,M,engineer,03261,226,3.4690265486725664,0.8596722523812533,高活跃
408,23,M,student,61755,27,3.740740740740741,1.0951850069418405,低活跃
409,48,M,administrator,98225,203,3.5911330049261085,1.162670277977132,高活跃
410,30,F,artist,94025,28,3.0357142857142856,1.0357370915204893,低活跃
411,34,M,educator,44691,58,3.7758620689655173,0.7733069440811101,中活跃
412,25,M,educator,15222,51,3.9411764705882355,0.7324415254716886,中活跃
413,55,M,educator,78212,50,3.66,1.0022423838165933,中活跃
414,24,M,programmer,38115,25,3.88,1.1298967504452195,低活跃
415,39,M,educator,85711,24,4.166666666666667,1.0494995356656043,低活跃
416,20,F,student,92626,493,3.845841784989858,1.0934802867536102,高活跃
417,27,F,other,48103,365,3.2465753424657535,0.9431770882077265,高活跃
418,55,F,none,21206,20,2.9,1.5183093090324964,低活跃
419,37,M,lawyer,43215,32,4.21875,0.9064064103067461,低活跃
420,53,M,educator,02140,36,4.166666666666667,0.8451542547285166,低活跃
421,38,F,programmer,55105,62,3.8548387096774195,1.0377588429793865,中活跃
422,26,M,entertainment,94533,97,3.463917525773196,0.9249082800259069,中活跃
423,64,M,other,91606,64,3.578125,0.92246542499839,中活跃
424,36,F,marketing,55422,44,3.3636363636363638,1.331041017502782,中活跃
425,19,M,student,58644,204,2.9558823529411766,1.093200978859632,高活跃
426,55,M,educator,01602,101,3.8316831683168315,0.8132565023495733,中活跃
427,51,M,doctor,85258,31,4.548387096774194,0.7676244601548055,低活跃
428,28,M,student,55414,55,3.9272727272727272,0.8131909131805775,中活跃
429,27,M,student,29205,414,3.393719806763285,0.9137418366595391,高活跃
430,38,M,scientist,98199,65,3.5538461538461537,0.9847393251320569,中活跃
431,24,M,marketing,92629,21,3.380952380952381,0.7400128699009549,低活跃
432,22,M,entertainment,50311,62,3.7096774193548385,1.0771409755092878,中活跃
433,27,M,artist,11211,41,3.5121951219512195,1.3251783128981587,低活跃
434,16,F,student,49705,44,3.7045454545454546,1.4237119099512368,中活跃
435,24,M,engineer,60007,379,3.316622691292876,1.066574000246707,高活跃
436,30,F,administrator,17345,145,3.7517241379310344,0.9016268820763712,高活跃
437,27,F,other,20009,263,3.581749049429658,1.1623751602298293,高活跃
438,51,F,administrator,43204,33,4.0606060606060606,0.933387444318875,低活跃
439,23,F,administrator,20817,31,3.7096774193548385,0.8638498475659905,低活跃
440,30,M,other,48076,51,4.176470588235294,1.1782339725698148,中活跃
441,50,M,technician,55013,20,3.5,0.7608859102526822,低活跃
442,22,M,student,85282,143,3.125874125874126,0.918258707808785,高活跃
443,35,M,salesman,33308,24,3.375,1.4981873105160464,低活跃
444,51,F,lawyer,53202,24,3.7916666666666665,1.1025333147551266,低活跃
445,21,M,writer,92653,135,1.9851851851851852,1.09942444362565,高活跃
446,57,M,educator,60201,36,2.75,0.9063269671749656,低活跃
447,30,M,administrator,55113,139,3.597122302158273,0.9833352330644752,高活跃
448,23,M,entertainment,10021,38,3.3421052631578947,1.4194844094318892,低活跃
449,23,M,librarian,55021,75,3.7466666666666666,1.1518883829811144,中活跃
450,35,F,educator,11758,540,3.8648148148148147,0.8626785330336608,高活跃
451,16,M,student,48446,98,2.7346938775510203,1.3663935555402487,中活跃
452,35,M,administrator,28018,206,3.412621359223301,1.2414137976144026,高活跃
453,18,M,student,06333,156,3.2884615384615383,1.0534711618424812,高活跃
454,57,M,other,97330,236,2.9788135593220337,0.9291819046346464,高活跃
455,48,M,administrator,83709,189,3.502645502645503,0.7482201478312542,高活跃
456,24,M,technician,31820,217,3.456221198156682,0.8439164139935998,高活跃
457,33,F,salesman,30011,277,4.025270758122744,0.9456672835659654,高活跃
458,47,M,technician,Y1A6B,183,3.6885245901639343,1.1075314140841381,高活跃
459,22,M,student,29201,118,3.3813559322033897,1.0452946382606552,高活跃
460,44,F,other,60630,68,3.411764705882353,0.8849537321179365,中活跃
461,15,M,student,98102,23,3.0,1.1281521496355322,低活跃
462,19,F,student,02918,33,4.0,1.3228756555322954,低活跃
463,48,F,healthcare,75218,133,2.8646616541353382,1.2897142911655424,高活跃
464,60,M,writer,94583,53,4.037735849056604,0.8762302154233782,中活跃
465,32,M,other,05001,80,3.4375,0.8088709117645004,中活跃
466,22,M,student,90804,101,3.4653465346534653,1.1275136933593626,中活跃
467,29,M,engineer,91201,44,3.6818181818181817,0.9829411790754313,中活跃
468,28,M,engineer,02341,143,3.993006993006993,0.8998943873596821,高活跃
469,60,M,educator,78628,43,4.534883720930233,0.5498414147691575,中活跃
470,24,M,programmer,10021,57,3.5789473684210527,0.8006106691826075,中活跃
471,10,M,student,77459,31,3.3870967741935485,1.5204696501374986,低活跃
472,24,M,student,87544,263,4.228136882129277,0.9211505149909563,高活跃
473,29,M,student,94708,35,3.914285714285714,0.9194444797052755,低活跃
474,51,M,executive,93711,327,4.08256880733945,0.8191920346147052,高活跃
475,30,M,programmer,75230,20,3.6,1.3533583957579087,低活跃
476,28,M,student,60440,83,3.3734939759036147,1.0206507175123083,中活跃
477,23,F,student,02125,35,4.457142857142857,0.505432670960188,低活跃
478,29,M,other,10019,113,3.415929203539823,1.2516108457619022,高活跃
479,30,M,educator,55409,202,3.4207920792079207,1.1870626678694716,高活跃
480,57,M,retired,98257,60,3.7333333333333334,0.8994662573007388,中活跃
481,73,M,retired,37771,56,3.982142857142857,0.9043545448866517,中活跃
482,18,F,student,40256,26,3.423076923076923,0.7575263387144725,低活跃
483,29,M,scientist,43212,59,3.0508474576271185,0.936312076134789,中活跃
484,27,M,student,21208,139,3.9928057553956835,0.9890443556069363,高活跃
485,44,F,educator,95821,26,3.0384615384615383,1.1128618685450313,低活跃
486,39,M,educator,93101,189,3.2222222222222223,0.9910951031793565,高活跃
487,22,M,engineer,92121,231,3.645021645021645,1.1551242637685557,高活跃
488,48,M,technician,21012,154,3.357142857142857,0.9123593735569736,高活跃
489,55,M,other,45218,109,3.7247706422018347,1.1044653443670909,中活跃
490,29,F,artist,V5A2B,57,2.789473684210526,1.2209019222523154,中活跃
491,43,F,writer,53711,33,3.8484848484848486,1.227833766263071,低活跃
492,57,M,educator,94618,55,3.5272727272727273,1.0337731224436377,中活跃
493,22,M,engineer,60090,135,3.7555555555555555,1.1874132594662308,高活跃
494,38,F,administrator,49428,47,3.872340425531915,1.0957828505247573,中活跃
495,29,M,engineer,03052,213,3.9530516431924885,1.131726257887524,高活跃
496,21,F,student,55414,129,3.0310077519379846,1.2804905340344919,高活跃
497,20,M,student,50112,279,3.1792114695340503,0.9116342873240402,高活跃
498,26,M,writer,55408,149,3.2885906040268456,0.9248469706390935,高活跃
499,42,M,programmer,75006,102,3.8627450980392157,1.0248324247105518,中活跃
500,28,M,administrator,94305,225,3.3422222222222224,1.0147327429833628,高活跃
501,22,M,student,10025,73,3.767123287671233,0.5897397718298555,中活跃
502,22,M,student,23092,37,3.108108108108108,1.1250625608230709,低活跃
503,50,F,writer,27514,160,4.01875,1.2411795718427483,高活跃
504,40,F,writer,92115,251,3.6215139442231075,0.8222987892516811,高活跃
505,27,F,other,20657,112,3.3660714285714284,0.9954449022475091,高活跃
506,46,M,programmer,03869,242,3.6735537190082646,1.0840425796663524,高活跃
507,18,F,writer,28450,58,4.724137931034483,0.7676142911251091,中活跃
508,27,M,marketing,19382,87,3.8275862068965516,0.9789279441345713,中活跃
509,23,M,administrator,10011,33,2.515151515151515,1.325735930559234,低活跃
510,34,M,other,98038,30,2.7666666666666666,1.1043279539543758,低活跃
511,22,M,student,21250,24,3.75,1.1131623577819225,低活跃
512,29,M,other,20090,21,4.333333333333333,0.8563488385776752,低活跃
513,43,M,administrator,26241,22,4.363636363636363,0.7267314002700918,低活跃
514,27,M,programmer,20707,194,3.8402061855670104,0.8875838769459428,高活跃
515,53,M,marketing,49508,40,3.0,0.9336995618478525,低活跃
516,53,F,librarian,10021,21,4.095238095238095,0.7684244858645451,低活跃
517,24,M,student,55454,37,3.2972972972972974,1.244205790071742,低活跃
518,49,F,writer,99709,73,3.643835616438356,1.0975966549908869,中活跃
519,22,M,other,55320,49,4.122448979591836,1.4087916373797156,中活跃
520,62,M,healthcare,12603,23,3.4347826086956523,1.3082287455154336,低活跃
521,19,M,student,02146,150,3.14,0.8672257704385586,高活跃
522,36,M,engineer,55443,30,4.333333333333333,0.802295557085754,低活跃
523,50,F,administrator,04102,100,4.36,0.7180219742846005,中活跃
524,56,M,educator,02159,306,3.4934640522875817,1.0596735162296955,高活跃
525,27,F,administrator,19711,54,3.2962962962962963,0.9034447624807775,中活跃
526,30,M,marketing,97124,68,3.235294117647059,1.2710043866996124,中活跃
527,33,M,librarian,12180,137,3.832116788321168,0.9515416520951475,高活跃
528,18,M,student,55104,53,3.7169811320754715,1.080906999674277,中活跃
529,47,F,administrator,44224,43,3.604651162790698,0.8766694246848051,中活跃
530,29,M,engineer,94040,45,3.888888888888889,0.7752484124524868,中活跃
531,30,F,salesman,97408,30,3.2333333333333334,1.654322099591069,低活跃
532,20,M,student,92705,274,4.12043795620438,0.9740695709770941,高活跃
533,43,M,librarian,02324,260,3.3846153846153846,1.057312214016805,高活跃
534,20,M,student,05464,80,4.075,0.8535109915274831,中活跃
535,45,F,educator,80302,218,3.9357798165137616,0.8454293415610297,高活跃
536,38,M,engineer,30078,163,3.871165644171779,0.9822325242282997,高活跃
537,36,M,engineer,22902,490,2.8653061224489798,0.973167833453602,高活跃
538,31,M,scientist,21010,81,3.617283950617284,0.9429727095012866,中活跃
539,53,F,administrator,80303,56,3.982142857142857,0.9043545448866516,中活跃
540,28,M,engineer,91201,63,3.7142857142857144,0.6071767407189163,中活跃
541,19,F,student,84302,133,3.6240601503759398,1.118721563101589,高活跃
542,21,M,student,60515,135,3.488888888888889,0.7998756122203475,高活跃
543,33,M,scientist,95123,197,3.532994923857868,0.7250458570821992,高活跃
544,44,F,other,29464,31,2.806451612903226,1.0138821377494092,低活跃
545,27,M,technician,08052,162,3.506172839506173,0.8284304817597293,高活跃
546,36,M,executive,22911,59,3.8983050847457625,1.1094409162717218,中活跃
547,50,M,educator,14534,23,3.652173913043478,1.0272954630384807,低活跃
548,51,M,writer,95468,155,3.670967741935484,1.2120053009793363,高活跃
549,42,M,scientist,45680,25,3.72,0.8426149773176358,低活跃
550,16,F,student,95453,40,3.675,1.2065526224617105,低活跃
551,25,M,programmer,55414,334,3.802395209580838,1.3456169352506824,高活跃
552,45,M,other,68147,84,3.0952380952380953,0.5514285417019662,中活跃
553,58,M,educator,62901,100,4.17,0.779212241415468,中活跃
554,32,M,scientist,62901,114,3.5701754385964914,0.7867182676573201,高活跃
555,29,F,educator,23227,52,4.019230769230769,0.6998707055770279,中活跃
556,35,F,educator,30606,44,4.204545454545454,1.1926040582466166,中活跃
557,30,F,writer,11217,53,3.7547169811320753,1.0724820310016763,中活跃
558,56,F,writer,63132,20,4.2,0.8335087534664907,低活跃
559,69,M,executive,10022,76,3.5789473684210527,1.0986435017145684,中活跃
560,32,M,student,10003,101,3.396039603960396,0.9389271315793583,中活跃
561,23,M,engineer,60005,357,3.0252100840336134,1.009467972628748,高活跃
562,54,F,administrator,20879,72,3.5416666666666665,1.4625609413088583,中活跃
563,39,F,librarian,32707,30,3.7666666666666666,1.0726484571581123,低活跃
564,65,M,retired,94591,34,3.411764705882353,0.6567895774291852,低活跃
565,40,M,student,55422,35,4.542857142857143,0.700540007794707,低活跃
566,20,M,student,14627,149,3.442953020134228,1.1112602435339172,高活跃
567,24,M,entertainment,10003,155,3.9548387096774196,0.9891747543259112,高活跃
568,39,M,educator,01915,81,3.3703703703703702,1.1450376024878444,中活跃
569,34,M,educator,91903,70,3.4857142857142858,0.9127575220154908,中活跃
570,26,M,educator,14627,22,2.6818181818181817,1.2867960816866655,低活跃
571,34,M,artist,01945,20,3.45,0.7591546545162481,低活跃
572,51,M,educator,20003,20,3.25,1.1641577031891928,低活跃
573,68,M,retired,48911,51,3.7450980392156863,0.62747548971739,中活跃
574,56,M,educator,53188,46,3.5217391304347827,1.187698623104225,中活跃
575,33,M,marketing,46032,26,3.1538461538461537,1.4612955263685083,低活跃
576,48,M,executive,98281,36,3.5277777777777777,0.8778581437993958,低活跃
577,36,F,student,77845,188,3.8031914893617023,0.8392703894843124,高活跃
578,31,M,administrator,M7A1A,24,2.6666666666666665,1.0901402648748688,低活跃
579,32,M,educator,48103,74,3.472972972972973,0.9099597006427153,中活跃
580,16,M,student,17961,47,3.5531914893617023,1.157367902844506,中活跃
581,37,M,other,94131,28,4.035714285714286,0.9993384054849732,低活跃
582,17,M,student,93003,62,3.274193548387097,1.1476184154581515,中活跃
583,44,M,engineer,29631,27,4.444444444444445,0.6979824404521128,低活跃
584,25,M,student,27511,24,3.5416666666666665,0.9315329426211428,低活跃
585,69,M,librarian,98501,80,3.7375,0.9378638534429912,中活跃
586,20,M,student,79508,166,3.325301204819277,0.8684145600574371,高活跃
587,26,M,other,14216,98,2.9693877551020407,1.0498314212502848,中活跃
588,18,F,student,93063,225,3.7422222222222223,1.1934510450057834,高活跃
589,21,M,lawyer,90034,43,3.441860465116279,1.4848813577970166,中活跃
590,50,M,educator,82435,48,3.5,1.1850127928207932,中活跃
591,57,F,librarian,92093,84,3.6547619047619047,0.7837821128725628,中活跃
592,18,M,student,97520,360,3.813888888888889,1.346128830701415,高活跃
593,31,F,educator,68767,156,3.608974358974359,1.0810611152114233,高活跃
594,46,M,educator,M4J2K,25,3.48,0.6531972647421809,低活跃
595,25,M,programmer,31909,96,3.1979166666666665,1.0723294040905496,中活跃
596,20,M,artist,77073,20,3.6,0.8825799501580878,低活跃
597,23,M,other,84116,41,3.6341463414634148,1.1990850170228884,低活跃
598,40,F,marketing,43085,25,3.68,1.0295630140987002,低活跃
599,22,F,student,R3T5K,47,3.893617021276596,1.0881584474057533,中活跃
600,34,M,programmer,02320,89,3.5842696629213484,1.0091511820702332,中活跃
601,19,F,artist,99687,148,3.081081081081081,1.3171475752085395,高活跃
602,47,F,other,34656,29,3.793103448275862,0.7736421443326912,低活跃
603,21,M,programmer,47905,47,3.7872340425531914,1.1020962281975268,中活跃
604,39,M,educator,11787,27,3.2962962962962963,1.265361450787719,低活跃
605,33,M,engineer,33716,90,3.7555555555555555,1.1927789392852712,中活跃
606,28,M,programmer,63044,236,3.9661016949152543,0.8842085379311299,高活跃
607,49,F,healthcare,02154,37,3.8378378378378377,0.6877303054053768,低活跃
608,22,M,other,10003,163,3.6748466257668713,1.236699288692334,高活跃
609,13,F,student,55106,28,2.392857142857143,1.749905515211982,低活跃
610,22,M,student,21227,75,3.7333333333333334,1.0696467380140717,中活跃
611,46,M,librarian,77008,42,3.8333333333333335,1.1024731989810657,中活跃
612,36,M,educator,79070,27,3.3703703703703702,0.9666814027759789,低活跃
613,37,F,marketing,29678,28,4.321428571428571,0.8629652337776967,低活跃
614,54,M,educator,80227,39,3.128205128205128,1.1045238836017506,低活跃
615,38,M,educator,27705,103,3.8640776699029127,1.094088784522557,中活跃
616,55,M,scientist,50613,43,3.627906976744186,0.7874992309581578,中活跃
617,27,F,writer,11201,108,2.6203703703703702,1.3375776165274955,中活跃
618,15,F,student,44212,216,3.287037037037037,0.979329869845046,高活跃
619,17,M,student,44134,89,3.50561797752809,1.2713950418341295,中活跃
620,18,F,writer,81648,110,3.827272727272727,1.0123919438010298,中活跃
621,17,M,student,60402,171,3.5497076023391814,1.052524934398278,高活跃
622,25,M,programmer,14850,228,3.3903508771929824,1.1424118006033623,高活跃
623,50,F,educator,60187,45,3.7333333333333334,1.0531338514599695,中活跃
624,19,M,student,30067,141,3.5319148936170213,0.7516951461231922,高活跃
625,27,M,programmer,20723,106,3.4339622641509435,0.7305427587567805,中活跃
626,23,M,scientist,19807,32,2.34375,1.5368458482522973,低活跃
627,24,M,engineer,08034,181,3.292817679558011,1.083924615519982,高活跃
628,13,M,none,94306,27,4.703703703703703,0.7240279857964913,低活跃
629,46,F,other,44224,121,4.082644628099174,0.9881529643692497,高活跃
630,26,F,healthcare,55408,108,3.324074074074074,1.0574939844613926,中活跃
631,18,F,student,38866,20,3.1,0.9119095061289912,低活跃
632,18,M,student,55454,118,3.6610169491525424,1.0229865693535727,高活跃
633,35,M,programmer,55414,58,3.310344827586207,0.7540974982736656,中活跃
634,39,M,engineer,T8H1N,135,3.3703703703703702,0.9521440122224449,高活跃
635,22,M,other,23237,34,3.264705882352941,1.081772494129546,低活跃
636,47,M,educator,48043,20,4.45,0.8255779474818966,低活跃
637,30,M,other,74101,104,2.4903846153846154,1.198665862796969,中活跃
638,45,M,engineer,01940,67,3.537313432835821,1.0346769106161977,中活跃
639,42,F,librarian,12065,148,2.9594594594594597,1.1421329751999814,高活跃
640,20,M,student,61801,109,4.229357798165138,0.8123243687434019,中活跃
641,24,M,student,60626,40,4.125,0.7905694150420947,低活跃
642,18,F,student,95521,318,3.6226415094339623,1.1629357242940621,高活跃
643,39,M,scientist,55122,206,3.737864077669903,0.7958571393868673,高活跃
644,51,M,retired,63645,42,4.0,0.6246950475544244,中活跃
645,27,M,programmer,53211,122,3.959016393442623,0.8566467490287907,高活跃
646,17,F,student,51250,38,2.9473684210526314,0.6954434098279423,低活跃
647,40,M,educator,45810,58,3.8275862068965516,0.6526042575706927,中活跃
648,43,M,engineer,91351,297,3.259259259259259,1.2748039555653745,高活跃
649,20,M,student,39762,24,3.7916666666666665,0.9770927002733856,低活跃
650,42,M,engineer,83814,311,3.1543408360128615,0.7963457667560409,高活跃
651,65,M,retired,02903,21,3.2857142857142856,1.3835771443203717,低活跃
652,35,M,other,22911,22,3.1363636363636362,1.0371873387954444,低活跃
653,31,M,executive,55105,283,2.6925795053003534,1.179395230527597,高活跃
654,27,F,student,78739,147,3.687074829931973,1.0904487017161593,高活跃
655,50,F,healthcare,60657,685,2.908029197080292,0.7327009229017919,高活跃
656,48,M,educator,10314,24,2.5416666666666665,1.1025333147551268,低活跃
657,26,F,none,78704,29,3.2413793103448274,1.2146478741298148,低活跃
658,33,M,programmer,92626,71,3.732394366197183,0.8098985206074231,中活跃
659,31,M,educator,54248,191,3.7905759162303663,0.8448700823490546,高活跃
660,26,M,student,77380,224,2.5848214285714284,0.9713113341661181,高活跃
661,28,M,programmer,98121,121,3.9173553719008263,0.9090909090909091,高活跃
662,55,M,librarian,19102,23,3.869565217391304,0.9678630550241248,低活跃
663,26,M,other,19341,158,3.5316455696202533,0.9076524354854488,高活跃
664,30,M,engineer,94115,166,3.746987951807229,0.9386434246516828,高活跃
665,25,M,administrator,55412,142,3.4788732394366195,0.7784172873077154,高活跃
666,44,M,administrator,61820,245,3.6653061224489796,0.7907122283335023,高活跃
667,35,M,librarian,01970,47,3.9574468085106385,1.0206018430853232,中活跃
668,29,F,writer,10016,46,3.5217391304347827,1.0485785179053404,中活跃
669,37,M,other,20009,100,3.38,1.170167906453142,中活跃
670,30,M,technician,21114,46,3.847826086956522,1.03209369308428,中活跃
671,21,M,programmer,91919,124,3.5806451612903225,1.1553817107155846,高活跃
672,54,F,administrator,90095,29,3.2413793103448274,1.1229798501497543,低活跃
673,51,M,educator,22906,35,3.8857142857142857,0.9932545604469882,低活跃
674,13,F,student,55337,41,3.658536585365854,0.9901958416788311,低活跃
675,34,M,other,28814,34,3.7058823529411766,1.3602453380472013,低活跃
676,30,M,programmer,32712,77,3.5844155844155843,1.4631495350302348,中活跃
677,20,M,other,99835,49,3.5918367346938775,1.3832083379312203,中活跃
678,50,M,educator,61462,28,3.4285714285714284,0.9973509887241274,低活跃
679,20,F,student,54302,62,3.661290322580645,0.9741502961950704,中活跃
680,33,M,lawyer,90405,38,4.0,0.7710996009560596,低活跃
681,44,F,marketing,97208,22,3.227272727272727,1.4778303975702638,低活跃
682,23,M,programmer,55128,399,3.137844611528822,1.0142434692862141,高活跃
683,42,M,librarian,23509,75,3.2266666666666666,1.0210399221002684,中活跃
684,28,M,student,55414,86,3.488372093023256,0.9298220708540601,中活跃
685,32,F,librarian,55409,20,2.05,0.7591546545162482,低活跃
686,32,M,educator,26506,71,4.563380281690141,0.8739466208968728,中活跃
687,31,F,healthcare,27713,21,3.4761904761904763,0.8728715609439694,低活跃
688,37,F,administrator,60476,24,4.833333333333333,0.6370220572706061,低活跃
689,25,M,other,45439,36,3.8333333333333335,1.230563169563316,低活跃
690,35,M,salesman,63304,115,3.1478260869565218,1.0780381650379607,高活跃
691,34,M,educator,60089,32,4.21875,1.156590512196614,低活跃
692,34,M,engineer,18053,40,3.275,0.876692502300404,低活跃
693,43,F,healthcare,85210,154,3.1363636363636362,0.9570391555917187,高活跃
694,60,M,programmer,06365,157,4.1528662420382165,0.642167853841144,高活跃
695,26,M,writer,38115,38,3.289473684210526,1.313297783008991,低活跃
696,55,M,other,94920,29,3.9310344827586206,1.222732142223151,低活跃
697,25,M,other,77042,105,3.7142857142857144,1.2688144505364485,中活跃
698,28,F,programmer,06906,127,2.84251968503937,1.1298630121376327,高活跃
699,44,M,other,96754,149,3.1476510067114094,0.7386605749248459,高活跃
700,17,M,student,76309,21,3.6666666666666665,0.7302967433402214,低活跃
701,51,F,librarian,56321,33,4.212121212121212,0.7398300378117156,低活跃
702,37,M,other,89104,31,2.4516129032258065,1.524001524002286,低活跃
703,26,M,educator,49512,47,3.5319148936170213,1.0601694661455172,中活跃
704,51,F,librarian,91105,90,3.7777777777777777,1.025273630538771,中活跃
705,21,F,student,54494,114,3.710526315789474,1.1345240646560355,高活跃
706,23,M,student,55454,29,3.310344827586207,1.198315730987875,低活跃
707,56,F,librarian,19146,236,3.4957627118644066,1.0252052471451223,高活跃
708,26,F,homemaker,96349,105,3.2,1.2664304773046775,中活跃
709,21,M,other,N4T1A,138,3.572463768115942,1.010078273756853,高活跃
710,19,M,student,92020,86,3.697674418604651,0.812690049329429,中活跃
711,22,F,student,15203,221,3.8597285067873304,1.0194730896408453,高活跃
712,22,F,student,54901,162,3.765432098765432,0.9091884981534081,高活跃
713,42,F,other,07204,30,2.966666666666667,0.8899179866642238,低活跃
714,26,M,engineer,55343,44,3.522727272727273,1.0452247196597189,中活跃
715,21,M,technician,91206,167,3.3832335329341316,1.062711506636984,高活跃
716,36,F,administrator,44265,269,3.8884758364312266,1.0414081223096212,高活跃
717,24,M,technician,84105,93,3.7096774193548385,1.1284911546463299,中活跃
718,42,M,technician,64118,39,3.6923076923076925,1.0551589093054372,低活跃
719,37,F,other,V0R2H,67,3.1044776119402986,1.2077317627912318,中活跃
720,49,F,administrator,16506,30,3.966666666666667,0.7648904962570575,低活跃
721,24,F,entertainment,11238,168,3.5357142857142856,1.0201142189357704,高活跃
722,50,F,homemaker,17331,42,3.619047619047619,0.8249872416568828,中活跃
723,26,M,executive,94403,22,3.272727272727273,0.9351250581921514,低活跃
724,31,M,executive,40243,85,2.164705882352941,1.316986629207983,中活跃
725,21,M,student,91711,25,3.8,0.957427107756338,低活跃
726,25,F,administrator,80538,24,3.0,1.2853691738343027,低活跃
727,25,M,student,78741,322,3.0372670807453415,1.0315170375959097,高活跃
728,58,M,executive,94306,26,3.576923076923077,0.7575263387144725,低活跃
729,19,M,student,56567,21,2.857142857142857,1.236354087052503,低活跃
730,31,F,scientist,32114,38,3.236842105263158,1.1725281193266386,低活跃
731,41,F,educator,70403,83,3.3855421686746987,1.4384216053242291,中活跃
732,28,F,other,98405,20,3.7,1.3803127029389886,低活跃
733,44,F,other,60630,107,3.02803738317757,1.059173261836473,中活跃
734,25,F,other,63108,64,3.609375,1.0175786307904022,中活跃
735,29,F,healthcare,85719,53,3.3207547169811322,0.9761302109243649,中活跃
736,48,F,writer,94618,24,3.0,1.4142135623730951,低活跃
737,30,M,programmer,98072,33,3.9696969696969697,1.0150384378451045,低活跃
738,35,M,technician,95403,148,3.675675675675676,0.8347570114996578,高活跃
739,35,M,technician,73162,35,3.6,1.5377600210543063,低活跃
740,25,F,educator,22206,20,3.4,0.9947229183096801,低活跃
741,25,M,writer,63108,104,3.4615384615384617,1.042058054427684,中活跃
742,35,M,student,29210,26,3.4615384615384617,1.1038394532093598,低活跃
743,31,M,programmer,92660,35,3.6857142857142855,1.1053726699605877,低活跃
744,35,M,marketing,47024,27,3.8518518518518516,0.8639668665167352,低活跃
745,42,M,writer,55113,60,3.1,1.2979775663361308,中活跃
746,25,M,engineer,19047,67,3.6417910447761193,1.0105727829382496,中活跃
747,19,M,other,93612,293,4.054607508532423,1.1334368269243595,高活跃
748,28,M,administrator,94720,108,3.7222222222222223,0.783394641996634,中活跃
749,33,M,other,80919,305,3.622950819672131,0.9556606702445627,高活跃
750,28,M,administrator,32303,33,3.090909090909091,1.0417424214878033,低活跃
751,24,F,other,90034,168,3.5416666666666665,1.0714261952259554,高活跃
752,60,M,retired,21201,73,3.2054794520547945,1.2128811440989617,中活跃
753,56,M,salesman,91206,57,3.5964912280701755,1.1931298744240328,中活跃
754,59,F,librarian,62901,34,3.3823529411764706,0.8881272732418117,低活跃
755,44,F,educator,97007,38,3.1052631578947367,1.268953041198979,低活跃
756,30,F,none,90247,109,3.1926605504587156,0.9857978928558093,中活跃
757,26,M,student,55104,166,3.3674698795180724,0.7650879820644023,高活跃
758,27,M,student,53706,357,3.876750700280112,1.0257595579964816,高活跃
759,20,F,student,68503,32,4.0625,0.9482581654734623,低活跃
760,35,F,other,14211,41,3.2439024390243905,1.199593427059311,低活跃
761,17,M,student,97302,66,2.8484848484848486,1.42766538034248,中活跃
762,32,M,administrator,95050,21,3.0476190476190474,1.6874889770363088,低活跃
763,27,M,scientist,02113,129,3.7829457364341086,0.8835408195691704,高活跃
764,27,F,educator,62903,109,3.688073394495413,0.8787327544951481,中活跃
765,31,M,student,33066,23,4.086956521739131,1.1246431142310664,低活跃
766,42,M,other,10960,175,3.354285714285714,0.8374643094618012,高活跃
767,70,M,engineer,00000,37,4.4324324324324325,0.5548042968541319,低活跃
768,29,M,administrator,12866,64,3.265625,1.1580249675187602,中活跃
769,39,M,executive,06927,29,3.0689655172413794,1.0327160611969717,低活跃
770,28,M,student,14216,64,4.296875,0.8670271686118671,中活跃
771,26,M,student,15232,70,3.7142857142857144,1.3421036606852859,中活跃
772,50,M,writer,27105,33,4.0,0.8291561975888498,低活跃
773,20,M,student,55414,161,3.279503105590062,1.2000582284009371,高活跃
774,30,M,student,80027,224,2.0580357142857144,1.1408547179671948,高活跃
775,46,M,executive,90036,28,3.7857142857142856,0.7867957924694432,低活跃
776,30,M,librarian,51157,105,3.466666666666667,1.1186071925756833,中活跃
777,63,M,programmer,01810,36,4.055555555555555,1.2408394495995603,低活跃
778,34,M,student,01960,65,2.953846153846154,1.2302282464898693,中活跃
779,31,M,student,K7L5J,37,3.918918918918919,0.7593263966019991,低活跃
780,49,M,programmer,94560,55,3.8727272727272726,1.089589549878938,中活跃
781,20,M,student,48825,42,3.7857142857142856,1.2790185697409402,中活跃
782,21,F,artist,33205,232,2.788793103448276,0.8794204655777045,高活跃
783,30,M,marketing,77081,30,3.8666666666666667,0.8603661343041528,低活跃
784,47,M,administrator,91040,39,3.8461538461538463,0.670367595092877,低活跃
785,32,M,engineer,23322,27,3.7037037037037037,0.8234456132997966,低活跃
786,36,F,engineer,01754,117,3.871794871794872,0.8860845832053307,高活跃
787,18,F,student,98620,57,3.1403508771929824,1.059625885652035,中活跃
788,51,M,administrator,05779,249,3.3413654618473894,0.9069266066950171,高活跃
789,29,M,other,55420,33,3.6666666666666665,1.050793351076541,低活跃
790,27,M,technician,80913,231,3.017316017316017,0.9911142958937372,高活跃
791,31,M,educator,20064,25,3.8,1.118033988749895,低活跃
792,40,M,programmer,12205,47,3.127659574468085,0.849987756346493,中活跃
793,22,M,student,85281,55,3.5090909090909093,0.7667325399895245,中活跃
794,32,M,educator,57197,39,4.3076923076923075,0.7310355363903912,低活跃
795,30,M,programmer,08610,159,3.1320754716981134,0.8867035206361136,高活跃
796,32,F,writer,33755,358,3.600558659217877,1.0557033157792097,高活跃
797,44,F,other,62522,26,2.6538461538461537,1.2310095919141388,低活跃
798,40,F,writer,64131,239,3.3263598326359833,0.9315748233443452,高活跃
799,49,F,administrator,19716,24,4.0,0.834057656228299,低活跃
800,25,M,programmer,55337,28,3.75,0.6454972243679028,低活跃
801,22,M,writer,92154,26,4.038461538461538,1.1482428046635165,低活跃
802,35,M,administrator,34105,75,3.493333333333333,0.9638511342572612,中活跃
803,70,M,administrator,78212,33,3.090909090909091,1.4440316037840977,低活跃
804,39,M,educator,61820,332,3.6656626506024095,0.803858809461866,高活跃
805,27,F,other,20009,273,3.347985347985348,1.2125892810388899,高活跃
806,27,M,marketing,11217,140,3.642857142857143,0.9676153924934942,高活跃
807,41,F,healthcare,93555,204,3.892156862745098,0.8293491156132226,高活跃
808,45,M,salesman,90016,23,4.130434782608695,1.013739603739404,低活跃
809,50,F,marketing,30803,20,3.45,1.2763022245616642,低活跃
810,55,F,other,80526,26,4.423076923076923,0.7027418828034613,低活跃
811,40,F,educator,73013,21,4.142857142857143,0.9102589898327995,低活跃
812,22,M,technician,76234,20,3.5,1.2354415362426845,低活跃
813,14,F,student,02136,29,2.793103448275862,1.2922657385059222,低活跃
814,30,M,other,12345,35,2.9714285714285715,0.7065123239304082,低活跃
815,32,M,other,28806,183,3.7431693989071038,1.136141923857376,高活跃
816,34,M,other,20755,25,3.84,0.8504900548115384,低活跃
817,19,M,student,60152,36,3.361111111111111,0.8992942559196955,低活跃
818,28,M,librarian,27514,21,3.4761904761904763,1.2497618820818477,低活跃
819,59,M,administrator,40205,28,4.071428571428571,1.01574900036674,低活跃
820,22,M,student,37725,21,3.0,1.3416407864998738,低活跃
821,37,M,engineer,77845,62,4.338709677419355,0.8673220209942403,中活跃
822,29,F,librarian,53144,25,3.12,1.0132456102380443,低活跃
823,27,M,artist,50322,185,4.005405405405406,0.9295703618227715,高活跃
824,31,M,other,15017,20,2.6,0.9403246919632546,低活跃
825,44,M,engineer,05452,145,3.613793103448276,1.0748785906670246,高活跃
826,28,M,artist,77048,115,3.8260869565217392,0.8299320365877504,高活跃
827,23,F,engineer,80228,28,3.25,0.6454972243679027,低活跃
828,28,M,librarian,85282,104,3.1153846153846154,1.0821382312836356,中活跃
829,48,M,writer,80209,64,3.546875,0.8151285320791585,中活跃
830,46,M,programmer,53066,106,3.7452830188679247,1.1634212335850302,中活跃
831,21,M,other,33765,73,3.5205479452054793,1.1679705694672076,中活跃
832,24,M,technician,77042,25,2.96,0.7895146188218007,低活跃
833,34,M,writer,90019,267,3.056179775280899,1.2687056090545852,高活跃
834,26,M,other,64153,54,3.925925925925926,0.9286194226621329,中活跃
835,44,F,executive,11577,102,4.147058823529412,0.8009531305248841,中活跃
836,44,M,artist,10018,50,3.86,1.2290696664135679,中活跃
837,36,F,artist,55409,46,3.0434782608695654,1.298828903951221,中活跃
838,23,M,student,01375,93,4.118279569892473,0.7200462298804365,中活跃
839,38,F,entertainment,90814,57,3.192982456140351,1.125017404488038,中活跃
840,39,M,artist,55406,197,4.137055837563452,0.8184713613286896,高活跃
841,45,M,doctor,47401,31,3.903225806451613,1.0441851275732486,低活跃
842,40,M,writer,93055,27,3.740740740740741,1.19590945735847,低活跃
843,35,M,librarian,44212,204,2.735294117647059,0.8176196447689021,高活跃
844,22,M,engineer,95662,81,3.506172839506173,0.8385024864322622,中活跃
845,64,M,doctor,97405,31,3.129032258064516,1.087564112558304,低活跃
846,27,M,lawyer,47130,405,3.740740740740741,1.0457099745795169,高活跃
847,29,M,student,55417,146,3.0342465753424657,1.159157741558834,高活跃
848,46,M,engineer,02146,150,4.286666666666667,1.0702610022678538,高活跃
849,15,F,student,25652,23,4.869565217391305,0.34435022157509093,低活跃
850,34,M,technician,78390,51,4.529411764705882,0.9869739849959692,中活跃
851,18,M,other,29646,209,3.45933014354067,1.113518993612177,高活跃
852,46,M,administrator,94086,49,3.4693877551020407,0.8190960672271226,中活跃
853,49,M,writer,40515,41,2.975609756097561,1.0836928734205273,低活跃
854,29,F,student,55408,217,3.2119815668202767,1.0324567247819805,高活跃
855,53,M,librarian,04988,23,3.347826086956522,0.6472807211834831,低活跃
856,43,F,marketing,97215,26,3.423076923076923,1.1374735838014673,低活跃
857,35,F,administrator,V1G4L,22,3.272727272727273,1.453462800540183,低活跃
858,63,M,educator,09645,21,3.4285714285714284,1.0281745265969475,低活跃
859,18,F,other,06492,39,3.8461538461538463,0.904330561897687,低活跃
860,70,F,retired,48322,71,3.23943661971831,0.8695612807189345,中活跃
861,38,F,student,14085,43,4.0,1.0235326314383182,中活跃
862,25,M,executive,13820,165,4.363636363636363,0.7970288507410039,高活跃
863,17,M,student,60089,107,3.121495327102804,1.3988558692383166,中活跃
864,27,M,programmer,63021,294,3.82312925170068,0.9325416132109532,高活跃
865,25,M,artist,11231,66,2.287878787878788,1.52683837757486,中活跃
866,45,M,other,60302,20,2.7,1.0310954828418377,低活跃
867,24,M,scientist,92507,95,4.2631578947368425,0.9698708656726558,中活跃
868,21,M,programmer,55303,208,2.951923076923077,1.346886247647723,高活跃
869,30,M,student,10025,47,2.872340425531915,1.2957626808445208,中活跃
870,22,M,student,65203,269,3.453531598513011,0.9748117785818898,高活跃
871,31,M,executive,44648,115,3.4956521739130433,0.9212302324140548,高活跃
872,19,F,student,74078,71,3.380281690140845,0.9159881032149862,中活跃
873,48,F,administrator,33763,20,2.9,1.2523661815266247,低活跃
874,36,M,scientist,37076,34,3.823529411764706,0.7576114073608448,低活跃
875,24,F,student,35802,89,4.191011235955056,0.7959614611271022,中活跃
876,41,M,other,20902,21,4.190476190476191,0.8135752957807667,低活跃
877,30,M,other,77504,81,3.8271604938271606,0.8773557353888746,中活跃
878,50,F,educator,98027,134,3.2686567164179103,1.104768741183377,高活跃
879,33,F,administrator,55337,29,3.689655172413793,0.8905635565617211,低活跃
880,13,M,student,83702,368,3.426630434782609,0.9821555309764347,高活跃
881,39,M,marketing,43017,259,3.3204633204633205,1.1786234652653929,高活跃
882,35,M,engineer,40503,137,4.0510948905109485,1.0096677371586134,高活跃
883,49,M,librarian,50266,268,3.925373134328358,0.9004939607559455,高活跃
884,44,M,engineer,55337,43,3.7209302325581395,1.2016968438588915,中活跃
885,30,F,other,95316,102,3.3137254901960786,1.004745100001727,中活跃
886,20,M,student,61820,240,3.3625,1.1268174533711115,高活跃
887,14,F,student,27249,171,3.9239766081871346,1.3634120172792112,高活跃
888,41,M,scientist,17036,20,4.3,0.5712405705774792,低活跃
889,24,M,technician,78704,326,3.4355828220858897,0.8667307971093781,高活跃
890,32,M,student,97301,119,3.857142857142857,1.1220872974718588,高活跃
891,51,F,administrator,03062,47,4.127659574468085,0.8499877563464933,中活跃
892,36,M,other,45243,226,4.0,0.8993825042154696,高活跃
893,25,M,student,95823,59,3.4237288135593222,0.8750052183195819,中活跃
894,47,M,educator,74075,245,3.636734693877551,0.7205115093195206,高活跃
895,31,F,librarian,32301,20,3.75,0.9665456669582609,低活跃
896,28,M,writer,91505,362,2.9806629834254146,1.1493279270465566,高活跃
897,30,M,other,33484,185,3.962162162162162,0.9910883760859529,高活跃
898,23,M,homemaker,61755,30,3.5,1.0422125006694767,低活跃
899,32,M,other,55116,135,3.525925925925926,1.035414904433402,高活跃
900,60,M,retired,18505,45,2.5555555555555554,1.098667696380806,中活跃
901,38,M,executive,L1V3W,124,3.8548387096774195,1.0721420575931673,高活跃
902,45,F,artist,97203,49,3.4489795918367347,1.1191742582851711,中活跃
903,28,M,educator,20850,136,3.8529411764705883,1.000217841196354,高活跃
904,17,F,student,61073,47,3.74468085106383,0.8960804774218949,中活跃
905,27,M,other,30350,40,3.275,0.7840558588159325,低活跃
906,45,M,librarian,70124,41,3.8048780487804876,0.7148255799536679,低活跃
907,25,F,other,80526,147,4.571428571428571,0.682461299018145,高活跃
908,44,F,librarian,68504,74,3.554054054054054,0.7050093148494107,中活跃
909,50,F,educator,53171,26,4.346153846153846,0.79711016514947,低活跃
910,28,M,healthcare,29301,60,3.1666666666666665,1.0918289222585313,中活跃
911,37,F,writer,53210,98,3.806122448979592,0.9487720035649131,中活跃
912,51,M,other,06512,53,3.811320754716981,0.9619012378054868,中活跃
913,27,M,student,76201,132,3.522727272727273,1.128843961055214,高活跃
914,44,F,other,08105,23,3.0869565217391304,1.276110691916542,低活跃
915,50,M,entertainment,60614,26,3.1153846153846154,0.9519211344191526,低活跃
916,27,M,engineer,N2L5N,317,3.365930599369085,0.892216785673003,高活跃
917,22,F,student,20006,35,3.5428571428571427,1.1717974414110481,低活跃
918,40,M,scientist,70116,103,3.349514563106796,1.0999887509592166,中活跃
919,25,M,other,14216,217,3.4700460829493087,0.9671820932845238,高活跃
920,30,F,artist,90008,26,3.230769230769231,0.8152394645841089,低活跃
921,20,F,student,98801,110,3.272727272727273,1.1325791861988468,中活跃
922,29,F,administrator,21114,127,3.37007874015748,1.0220051067363733,高活跃
923,21,M,student,E2E3R,74,4.148648648648648,0.6960245711383225,中活跃
924,29,M,other,11753,82,3.7560975609756095,0.8249350982291116,中活跃
925,18,F,salesman,49036,32,3.125,0.9069623173877129,低活跃
926,49,M,entertainment,01701,20,3.3,0.9233805168766387,低活跃
927,23,M,programmer,55428,120,3.691666666666667,1.1434566004876967,高活跃
928,21,M,student,55408,32,4.6875,0.6927039119836262,低活跃
929,44,M,scientist,53711,49,3.693877551020408,1.0042427004268162,中活跃
930,28,F,scientist,07310,63,2.9682539682539684,1.1211781529216656,中活跃
931,60,M,educator,33556,61,3.721311475409836,0.8968676517187212,中活跃
932,58,M,educator,06437,241,3.966804979253112,0.9783796975825748,高活跃
933,28,M,student,48105,184,2.6467391304347827,1.196621024773669,高活跃
934,61,M,engineer,22902,174,3.7011494252873565,0.9690582106836048,高活跃
935,42,M,doctor,66221,39,3.923076923076923,0.8701063269755684,低活跃
936,24,M,other,32789,142,3.7464788732394365,0.963420470561319,高活跃
937,48,M,educator,98072,40,3.375,1.21291131009396,低活跃
938,38,F,technician,55038,108,3.2685185185185186,1.2425966291727295,中活跃
939,26,F,student,33319,49,4.26530612244898,0.9741558354989898,中活跃
940,32,M,administrator,02215,107,3.457943925233645,1.0120069154042164,中活跃
941,20,M,student,97229,22,4.045454545454546,0.898531750891034,低活跃
942,48,F,librarian,78209,79,4.265822784810126,0.7630717404102042,中活跃
943,22,M,student,77841,168,3.4107142857142856,1.2588862920540684,高活跃
